SCHEDULE,SYNONYMS
SCHEDULE 10,SCH10|SCHEDULE10
SCHEDULE 100,SCH100|SCHEDULE100
SCHEDULE 10S,SCH10S|SCHEDULE10S
SCHEDULE 120,SCH120|SCHEDULE120
SCHEDULE 140,SCH140|SCHEDULE140
SCHEDULE 160,SCH160|SCHEDULE160
SCHEDULE 20,SCH20|SCHEDULE20
SCHEDULE 30,SCH30|SCHEDULE30
SCHEDULE 40,SCH40|SCHEDULE40
SCHEDULE 40S,SCH40S|SCHEDULE40S
SCHEDULE 5S,SCH5S|SCHEDULE5S
SCHEDULE 60,SCH60|SCHEDULE60
SCHEDULE 80,SCH80|SCHEDULE80
SCHEDULE STD,SCHSTD|SCHEDULESTD
SCHEDULE XS,SCHXS|SCHEDULEXS
SCHEDULE XXS,SCHXXS|SCHEDULEXXS