ABRASIVE CLOTH,
ABRASIVE CUT-OFF MACHINE,
ABRASIVE DISPENSER BOX,
ABRASIVE ROLL,
ABRASIVE SAND SCREEN CLOTH,
ACCESS COVER,
ACCESS DRAWER,
ACETYLENE AIR TORCH HEAT SHIELD,
ACETYLENE TANK REFILL,
ACETYLENE TANK,
ACID NEUTRALIZER CARTRIDGE,
ACID SCAVENGER,
ADAPTER BUSHING FITTING,
ADAPTER CORD TEST CONNECTOR,
ADAPTER GASKET,
ADD-ON FAUCET,
ADDITIVE INJECTION TOOL,
ADHESIVE BACK FELT,
ADHESIVE CAULK,
ADJUSTABLE CLOSET FLANGE FITTING,
ADJUSTABLE LINKAGE,
ADJUSTABLE WRENCH,
AIR ADMITTANCE VALVE WALL BOX KIT,
AIR BLOWER FURNACE PRESSURE SWITCH,
AIR CLEANER FILTER MEDIA,
AIR CONDITIONER BLOWER CONTROL,
AIR CONDITIONER CAGE,
AIR CONDITIONER COIL GUARD,
AIR CONDITIONER COIL PROTECTION WIRE GRILLE,
AIR CONDITIONER COMFORT ALERT MODULE,
AIR CONDITIONER COMPRESSOR PLUG WIRE,
AIR CONDITIONER COMPRESSOR TERMINAL REPAIR KIT,
AIR CONDITIONER CONDENSATE DRAIN KIT,
AIR CONDITIONER CONDENSATE DRAIN PAN SLIP,
AIR CONDITIONER CONDENSATE DRAIN PAN,
AIR CONDITIONER CONDENSER COIL KIT,
AIR CONDITIONER CONDENSER COIL,
AIR CONDITIONER CONNECTOR FITTING,
AIR CONDITIONER COVER ASSEMBLY,
AIR CONDITIONER ELECTRIC HEATER,
AIR CONDITIONER ELEMENT ASSEMBLY,
AIR CONDITIONER EXTRA SECURITY BAR,
AIR CONDITIONER FAN ASSEMBLY,
AIR CONDITIONER FAN COIL BLOWER WHEEL,
AIR CONDITIONER FAN COIL BRACKET HOUSING,
AIR CONDITIONER FAN COIL CIRCUIT BOARD,
AIR CONDITIONER FAN COIL CONDENSATE PAN ASSEMBLY,
AIR CONDITIONER FAN COIL CONDENSATE PAN,
AIR CONDITIONER FAN COIL CONDENSER PAN ASSEMBLY,
AIR CONDITIONER FAN COIL CONTROL MODULE,
AIR CONDITIONER FAN COIL DRAIN PAN,
AIR CONDITIONER FAN COIL FILTER,
AIR CONDITIONER FAN COIL HARNESS ASSEMBLY,
AIR CONDITIONER FAN COIL KIT,
AIR CONDITIONER FAN COIL LIMIT SWITCH,
AIR CONDITIONER FAN COIL LOWER DOOR,
AIR CONDITIONER FAN COIL RECTIFIER BOARD,
AIR CONDITIONER FAN COIL RELAY,
AIR CONDITIONER FAN SPEED CONTROL,
AIR CONDITIONER FILTER RACK,
AIR CONDITIONER FLOAT VALVE,
AIR CONDITIONER FLUSHING TOOL,
AIR CONDITIONER GROUP CONTROL CABLE KIT,
AIR CONDITIONER GUARD LOCK,
AIR CONDITIONER HANGER,
AIR CONDITIONER HARDWARE KIT,
AIR CONDITIONER HIGH PRESSURE SWITCH,
AIR CONDITIONER INTEGRATED CONTROL ASSEMBLY,
AIR CONDITIONER LEAK FREEZE,
AIR CONDITIONER LEAK QUICK REPAIR KIT REFILL,
AIR CONDITIONER LOUVERED HAIL GUARD,
AIR CONDITIONER LUBRICANT,
AIR CONDITIONER MODULAR BLOWER ELECTRIC HEATER KIT,
AIR CONDITIONER OUTDOOR FAN MOTOR,
AIR CONDITIONER PCB ASSEMBLY,
AIR CONDITIONER POWER CORD AND PLUG,
AIR CONDITIONER PULLOUT DISCONNECT SWITCH,
AIR CONDITIONER REMOTE CONTROLLER,
AIR CONDITIONER SERVICE VALVE,
AIR CONDITIONER SMART INVERTER MONITORING SYSTEM,
AIR CONDITIONER SYSTEM FLUSH KIT,
AIR CONDITIONER SYSTEM REFILL,
AIR CONDITIONER THERMOSTATIC EXPANSION VALVE,
AIR CONDITIONER TRANSFORMER,
AIR CONDITIONER VALVE AND HOSE,
AIR CONDITIONER WIRED REMOTE CONTROLLER,
AIR CONDITIONER Y-BRANCH KIT,
AIR CONDITIONING AND HEATING UNIT MOTOR,
AIR CONDITIONING AND REFRIGERATION SYSTEM FLUSH CAN ACCESS VALVE,
AIR CONDITIONING AND REFRIGERATION SYSTEM FLUSH CLEANER,
AIR CONDITIONING AND REFRIGERATION SYSTEM FLUSH LINE SET TOOL,
AIR CONDITIONING CONDENSING UNIT CLEANER,
AIR CONDITIONING CONDENSING UNIT PROTECTANT,
AIR CONDITIONING DISCONNECT BOX,
AIR CONDITIONING DRAIN SUCKER KIT,
AIR CONDITIONING EQUIPMENT PAD,
AIR CONDITIONING INJECTOR AND HOSE,
AIR CONDITIONING LINE COVER BOX KIT,
AIR CONDITIONING LIQUID LINE FILTER DRIER,
AIR CONDITIONING REFRIGERANT CYLINDER,
AIR CONDITIONING SUCTION LINE FILTER DRIER,
AIR DUCT TAPE,
AIR GAP COVER,
AIR GRILLE FRAME,
AIR HANDLER ACCESS PANEL,
AIR HANDLER BLOCK,
AIR HANDLER BLOWER MOTOR,
AIR HANDLER EXPANSION VALVE,
AIR HANDLER FAN COIL LOUVERED WALL PANEL,
AIR HANDLER FAN COIL MOTOR MOUNT BAND,
AIR HANDLER HUB AND SET SCREW,
AIR HANDLER INDOOR UNIT,
AIR HANDLER WALL PANEL,
AIR HANDLER/HEAT PUMP COIL,
AIR MOVING MOTOR,
AIR PUMP,
AIR TREATMENT SYSTEM,
AIR VALVE,
AIR VELOCITY AND TEMPERATURE METER HEAD,
AIR VENT STACK FILTER,
AIR VENTILATION CONTROL,
AIR VOLUME CONTROL,
AIR/ACETYLENE TWISTER KIT,
AIR/WATER PRESSURE GAUGE,
AIRCYCLER,
ALARM SYSTEM AND PUMP CONTROL,
ALKALINE BATTERY,
ALL PURPOSE SAND,
ANALOG GAUGE,
ANCHOR BOLT KIT,
ANCHOR KIT AND SLOTTED PAN HEAD SCREW,
ANGLE BALL STOP VALVE,
ANGLE DRILL,
ANGLE DRIVE ATTACHMENT,
ANGLE GLOBE VALVE,
ANGLE SILL FAUCET HYDRANT BOX,
ANGLE STOP ADAPTER VALVE,
ANGLE STOP WRENCH,
ANNEALED WATER PIPE,
ANODELESS RISER,
ANODELESS SERVICE RISER,
ANTI VIBRATION PAD,
ANTI-CYCLE TIMER,
ANTI-SIPHON VALVE,
ANTI-VIBRATION PAD,
APPLIANCE ADAPTER,
APPLIANCE CORD,
APPLICATOR BRUSH,
APPLICATOR EMPTY CAN,
AQUASTAT CONTROL,
AQUASTAT RELAY,
AREA DRAIN,
ARMORED PLUG,
ARROW PAGE FLAG,
ASPEN COOLER PAD,
ASSEMBLY SWITCH,
ASSORTED COLOR FLAG,
AUGER BIT,
AUGER COMBO KIT,
AUTOMATIC AIR VENT,
AUTOMATIC FILLING VALVE,
AUTOMATIC VALVE ACTUATOR,
AUTOMATIC ZONE DAMPER,
AUTOMOTIVE BLADE FUSE,
BACKFLOW PREVENTER TEST COCK,
BACKFLOW PREVENTION REPAIR KIT,
BACKSPLASH FAUCET SWIVEL STEM REPAIR KIT,
BALANCED VENTILATION SYSTEM,
BALCONY DECK DRAIN,
BALL PEN,
BALL VALVE ADAPTER,
BALL VALVE EXTENSION HANDLE,
BALL VALVE EXTENSION STEM,
BALL VALVE LOCKING EXTENSION KIT,
BALL VALVE MOUNTING KIT,
BALL VALVE STEM EXTENSION AND MEMORY STOP KIT,
BALLCOCK CONNECTOR,
BALLCOCK COUPLING NUT,
BALLPOINT PEN,
BAND HANGER,
BAND SAW BLADE PULLEY TIRE,
BANKER BOX AND CLOSURE,
BAR FAUCET HANDLE HUB KIT,
BAR FAUCET SEAT,
BAR PLUG,
BAR SINK FAUCET SEAT,
BAR/FOOD PREP FAUCET,
BAR/PANTRY FAUCET,
BARE TOOL,
BARREL LOCK KEY,
BARRIER FREE COOLER,
BASEBOARD INSIDE CORNER,
BASEBOARD OUTSIDE CORNER,
BASIC FLARE,
BASIN COCK LOCKNUT,
BASKET STRAINER COVER AND OFFSET WASTE COVER,
BASKET STRAINER SET,
BASKET STRAINER WRENCH,
BATH DRAIN OVERFLOW PLATE,
BATH DRAIN TOE TAP CONVERSION KIT,
BATH DRAIN TRIM,
BATH FAN ROUGH-IN KIT,
BATH FAUCET BARREL STEM,
BATH FAUCET LEGEND STOP PIPE,
BATH FAUCET STEM,
BATH FILLER FAUCET MOUNTING BLOCK,
BATH MIXER HANDLE EXTENSION,
BATH SHOWER FAUCET ESCUTCHEON NIPPLE,
BATH SHOWER FAUCET ESCUTCHEON PIPE,
BATH SHOWER FAUCET ESCUTCHEON PLATE,
BATH SHOWER FAUCET RETAINER NUT,
BATH SHOWER TRIM ROUGH-IN KIT,
BATH SHOWER WALL SET,
BATH TUB DRAIN ASSEMBLY,
BATH TUB ESCUTCHEON,
BATH TUB PROTECTION WRAP,
BATH TUB PROTECTOR,
BATH TUB SPOUT,
BATH VANITY LIGHT FIXTURE,
BATH VENTILATION FAN GRILLE ASSEMBLY,
BATH VENTILATION FAN HOUSING CAN,
BATH VENTILATION FAN MOTOR ASSEMBLY,
BATH VENTILATION FAN RADIATION DAMPER,
BATH WASTE ASSEMBLY,
BATH WASTE DRAIN,
BATH WASTE KIT,
BATH WASTE OVERFLOW ADAPTER FITTING,
BATH WASTE OVERFLOW DRAIN,
BATH WASTE OVERFLOW ELBOW,
BATH WASTE OVERFLOW KIT,
BATH WASTE OVERFLOW,
BATH WASTE SPLIT NUT AND WASHER,
BATH WASTE STOPPER,
BATH WASTE TEST PLUG KIT,
BATH WASTE TRIP LEVER,
BATHROOM FAUCET AC POWER KIT,
BATHROOM FAUCET HANDLE KIT,
BATHROOM FAUCET HANDLE,
BATHROOM FAUCET MULTI-AC POWER KIT,
BATHROOM FAUCET REBUILD KIT,
BATHROOM MEDICINE CABINET,
BATHROOM PAPER HOLDER POST,
BATHROOM SHOWER TRIM KIT,
BATHROOM SINK AERATOR,
BATHROOM SINK BOTTLE TRAP KIT,
BATHROOM SINK BOWL,
BATHROOM SINK CONCEALED ARM SYSTEM,
BATHROOM SINK CONNECTOR,
BATHROOM SINK DISPOSAL STOPPER,
BATHROOM SINK DRAIN BASIN WALL HANGER,
BATHROOM SINK DRAIN COVER KIT,
BATHROOM SINK DRAIN INSULATOR KIT,
BATHROOM SINK DRAIN LIFT ROD EXTENSION,
BATHROOM SINK DRAIN PULL ROD ASSEMBLY,
BATHROOM SINK DRAIN TAILPIECE COVER,
BATHROOM SINK ELECTRONIC FAUCET,
BATHROOM SINK ESCUTCHEON,
BATHROOM SINK EXTENSION PIPE,
BATHROOM SINK FAUCET AERATOR,
BATHROOM SINK FAUCET CARTRIDGE REMOVAL TOOL,
BATHROOM SINK FAUCET CONTROL CARTRIDGE,
BATHROOM SINK FAUCET DRAIN BALL ROD,
BATHROOM SINK FAUCET EXTENSION KIT,
BATHROOM SINK FAUCET GRID STRAINER ASSEMBLY,
BATHROOM SINK FAUCET HANDLE ADAPTER KIT,
BATHROOM SINK FAUCET HANDLE SET,
BATHROOM SINK FAUCET HOSE KIT,
BATHROOM SINK FAUCET HOSE SUB ASSEMBLY,
BATHROOM SINK FAUCET LEVER MECHANISM KIT,
BATHROOM SINK FAUCET STEM EXTENSION KIT,
BATHROOM SINK FAUCET STEM EXTENSION,
BATHROOM SINK FAUCET TRIM,
BATHROOM SINK FAUCET USED ON ITEM,
BATHROOM SINK FAUCET VALVE ASSEMBLY,
BATHROOM SINK FAUCET VESSEL EXTENSION KIT,
BATHROOM SINK FLANGE,
BATHROOM SINK FRICTION RING,
BATHROOM SINK GASKET,
BATHROOM SINK GRID STRAINER ASSEMBLY,
BATHROOM SINK LEG,
BATHROOM SINK OFFSET ASSEMBLY,
BATHROOM SINK POP-UP STOPPER,
BATHROOM SINK PROTECTIVE SHIELD,
BATHROOM SINK RISER,
BATHROOM SINK ROUGH VALVE BODY,
BATHROOM SINK SHIELD,
BATHROOM SINK SHROUD,
BATHROOM SINK STOPPER,
BATHROOM SINK STRAINER PLATE,
BATHROOM SINK STRAINER WASTE,
BATHROOM SINK SUPPLY,
BATHROOM SINK SUPPORT ARM,
BATHROOM SINK SUPPORT SET,
BATHROOM SINK TRAP,
BATHROOM SINK WASHER,
BATHROOM SINK WASTE PIVOT ROD AND CLIP ASSEMBLY,
BATHROOM SINK WASTE PLUG AND SEAT,
BATHROOM TOWEL BAR,
BATHROOM TUB TRIM,
BATHROOM WASTE ASSEMBLY,
BATHTUB DRAIN BRACKET AND ROD EYEBOLT,
BATHTUB DRAIN KEY,
BATHTUB DRAIN ROUGH-IN KIT,
BATHTUB LIGHT,
BATHTUB OVERFLOW PLATE,
BATHTUB PIPE HANGER,
BATHTUB TILE FLANGE KIT,
BATHTUB TILE FLANGE,
BATHTUB WASTE OVERFLOW FACEPLATE,
BATHTUB WASTE OVERFLOW TRIP LEVER FACEPLATE,
BATHTUB WASTE OVERFLOW,
BATHTUB,
BEAM BRACKET,
BEAM CLAMP RETAINING CLIP,
BEARING SOLDER,
BED PAN CLEANER,
BEDPAN CLEANER,
BEDPAN WASHER,
BENCH CHAIN VISE,
BEVERAGE CENTRE,
BEVERAGE DISPENSER,
BIDET FAUCET,
BINDER CLIP,
BINDER POLY-SHEET PROTECTOR,
BLEEDER ORIFICE,
BLOCKED FLUE SWITCH,
BLOCKED INLET SWITCH,
BLOWER ASSEMBLY,
BLOWER DOWNDRAFT COOKTOP,
BLOWER EXHAUST,
BLOWER HOOD INSERT,
BLOWER MOTOR,
BLOWER PROVER SWITCH,
BLOWER ROOF PLATE,
BODY SPRAY TRIM,
BOILER CASCADE COMMUNICATION CABLE,
BOILER COMBUSTION CHAMBER KIT,
BOILER CONDENSATE NEUTRALIZER,
BOILER IGNITER,
BOILER POWER DISTRIBUTION BOARD,
BOILER SUPPLY/RETURN TEMPERATURE SENSOR,
BOILER SYSTEM CLEANER,
BOILER VALVE SET,
BOLT COVER CAP,
BOLT DIE,
BOLT INSULATOR KIT,
BOLT KIT,
BONDING CLAMP,
BOOSTER PUMP,
BOTTLE FILLER MOUNTING FRAME,
BOTTLE FILLING STATION BOTTLE FILLER,
BOTTLE FILLING STATION FILLER,
BOTTLE FILLING STATION KIT,
BOTTLE FILLING STATION POWER BLOCK,
BOTTLE FILLING STATION RETROFIT KIT,
BOTTLE FILLING WATER COOLER,
BOWL CLEANER,
BOX CANOPY ISLAND HOOD,
BOX WRENCH,
BRANCH MULTI-PORT TEE,
BREAKER BAR,
BUBBLER FOUNTAIN,
BUCKET CADDY,
BUCKET TOOL ORGANIZER,
BURNER AND GRIDDLE UNIT,
BURNER ASSEMBLY,
BURNER DOWNDRAFT TRIM KIT,
BURNER GRIDDLE,
BURNER HEAD,
BURNER MODULE,
BURNER RANGE BACKGUARD,
BUSHING KIT,
BUTTERFLY VALVE CHAIN,
BUTTERFLY VALVE HANDLE,
BUTTERFLY VALVE MASTERLINK CHAIN,
CABINET APPLIANCE PULL,
CABINET BAR PULL,
CABINET BLOWER ADAPTER,
CABINET BLOWER,
CABINET DOOR KNOB,
CABINET DOOR LEVER,
CABINET HOOD/VENT CHARCOAL FILTER,
CABINET PULL,
CABLE CLAMP,
CABLE CUTTER,
CABLE DRAIN BATH WASTE,
CABLE SAW,
CADET STEM SEAL KIT,
CAM STRAP,
CAN APPLICATOR DAUBER,
CANOPY HOOD,
CAP NUT WRENCH,
CARBON MONOXIDE TESTER HEAD,
CARRIER MOUNTING SYSTEM,
CARRIER NUT AND WASHER SET,
CARTRIDGE CIRCULATOR PUMP,
CATCH BASIN OUTLET,
CAULKING TOOL,
CAUTION TAPE,
CEILING DIFFUSER,
CEILING FAN LIGHT KIT,
CEILING HEATER,
CEILING LIGHT,
CEMENT CAN,
CEMENT CARRIER,
CENTER OUTLET PLUG,
CHAIN VISE BASE,
CHAIN WRENCH,
CHAMBER DIFFUSER END CAP,
CHAMBER SIDE PORT COUPLER,
CHAMFER TOOL AND GAUGE,
CHAMFERING TOOL,
CHANDELIER LIGHTING BULB,
CHANDELIER,
CHANNEL DRAIN KIT,
CHANNEL END CAP,
CHANNEL POST BASE,
CHANNEL TEE PLATE FITTING,
CHANNEL TEE PLATE,
CHANNEL TRIM,
CHANNEL WASHER PLATE,
CHARACTERISTICS FAST ACTING,
CHARCOAL STARTER,
CHARGE SCALE,
CHARGING HOSE GASKET,
CHECK STOP REPAIR KIT,
CHEMICAL SANITIZER,
CHIMNEY EXTENSION,
CHIMNEY HOOD AND VENTILATION SYSTEM,
CHIMNEY HOOD DUCT COVER,
CHIMNEY HOOD INTERIOR POWER VENTILATOR KIT,
CHIMNEY HOOD,
CHIMNEY WALL HOOD,
CIRCUIT BREAKER JUMPER BAR ASSEMBLY,
CIRCULAR SAW BLADE,
CIRCULAR SAW KIT,
CIRCULAR SAW,
CIRCULATOR PUMP CARTRIDGE ASSEMBLY,
CIRCULATOR PUMP COUPLER,
CIRCULATOR PUMP FLANGE GASKET SET,
CIRCULATOR PUMP FLANGE ISOLATION VALVE KIT,
CIRCULATOR PUMP GASKET,
CIRCULATOR PUMP HEAD,
CIRCULATOR PUMP POWER PACK,
CIRCULATOR PUMP TIMER CONTROL,
CIRCULATOR PUMP TIMER,
CIRCULATOR PUMP UNION,
CLAMP METER ELECTRONIC HANDLE,
CLASSIFICATION FOLDER,
CLASSROOM SINK KIT,
CLASSROOM SINK,
CLEANING CLOTH TOWEL,
CLEANING SPONGE,
CLEANOUT ACCESS COVER,
CLEANOUT COVER KIT,
CLEANOUT COVER PACKAGE,
CLEANOUT COVER WALL PLATE,
CLEANOUT COVER,
CLEANOUT FITTING,
CLEANOUT GASKET KIT,
CLEANOUT PLUG WRENCH SET,
CLEANOUT TEE WEDGE VALVE,
CLEANOUT TEE,
CLEANOUT TRACTOR COVER TOP,
CLEAR TRAP AND OVERFLOW SWITCH COMBO KIT,
CLEVIS PIPE HANGER,
CLICKER,
CLIP TOOL,
CLIP,
CLOCKWISE CLOSE TYPE,
CLOSEST CARRIER,
CLOSEST FLANGE,
CLOSET ADAPTER,
CLOSET AND URINAL SWEAT SOLDER KIT,
CLOSET AUGER,
CLOSET BEND FITTING,
CLOSET BEND SPACER,
CLOSET BOLT CAP,
CLOSET BOLT NUT,
CLOSET BOLT SET,
CLOSET BOLT WASHER,
CLOSET BOLT,
CLOSET BOWL CUSHION RING,
CLOSET BOWL WAX GASKET,
CLOSET CARRIER COUPLING KIT,
CLOSET CARRIER EXTENSION,
CLOSET CARRIER FACEPLATE ASSEMBLY,
CLOSET CARRIER,
CLOSET COLLAR FITTING,
CLOSET COLLAR,
CLOSET DIAPHRAGM INSIDE PART KIT,
CLOSET FLANGE EXTENDER,
CLOSET FLANGE EXTENSION KIT,
CLOSET FLANGE EXTENSION,
CLOSET FLANGE FITTING,
CLOSET FLANGE FLOOR SUPPORT,
CLOSET FLANGE REBUILD KIT,
CLOSET FLANGE REPAIR RING,
CLOSET FLANGE SPACER RING,
CLOSET FLANGE SPACER,
CLOSET FLANGE,
CLOSET FLOOR FLANGE,
CLOSET FLUSH VALVE,
CLOSET FLUSHOMETER COVER PLATE,
CLOSET FLUSHOMETER DIAPHRAGM KIT,
CLOSET FLUSHOMETER FLEXIBLE PIPE DIAPHRAGM KIT,
CLOSET FLUSHOMETER OVERRIDE SWITCH AND YOKE ASSEMBLY,
CLOSET FLUSHOMETER PERFORMANCE KIT,
CLOSET FLUSHOMETER REBUILD KIT,
CLOSET FLUSHOMETER REPAIR KIT,
CLOSET FLUSHOMETER RETROFIT KIT,
CLOSET FRICTION RING,
CLOSET GASKET AND HORN,
CLOSET GASKET COMBINATION PACK,
CLOSET GASKET KIT,
CLOSET GASKET,
CLOSET KIT,
CLOSET NUT,
CLOSET QUICK RING,
CLOSET REBUILD KIT,
CLOSET RISER,
CLOSET ROD CLOSED BRACKET,
CLOSET ROD,
CLOSET SCREW,
CLOSET SEAT NUT WRENCH,
CLOSET SHIM,
CLOSET SPANNER FLANGE,
CLOSET SPUD FITTING,
CLOSET SPUD GASKET,
CLOSET SPUD WASHER,
CLOSET SPUD,
CLOSET STABILIZER,
CLOSET SUPPLY KIT,
CLOSET SUPPLY WASHER RING,
CLOSET SUPPLY WASHER,
CLOSET TANK BOLT KIT,
CLOSET TANK BOLT,
CLOSET TANK TO BOWL GASKET,
CLOSET URINAL AUGER,
CLOSET WAX BOWL RING,
CLOSET WAX GASKET,
CLOSET WEDGE SHIM,
COARSE GOLD SCREW,
COFFEE SYSTEM TRIM KIT,
COIL ADAPTER KIT,
COIL AND DRAIN PAN DISINFECTANT CLEANER,
COIL AND SURFACE PROTECTANT,
COIL CLEANER SPRAYER,
COLD GALVANIZING COMPOUND SPRAY,
COLD GALVANIZING SPRAY,
COLD PIPE INSULATION SPRAY,
COLD WATER DISPENSER SINK FAUCET,
COLD WATER THERMOMETER,
COLORED PUSH PIN,
COMBINATION DRENCH SHOWER AND EYE/FACE WASH UNIT,
COMBINATION GAS CONTROL VALVE,
COMBINATION HANDLED SNIP,
COMBINATION KEY ADAPTER AND SERVICE WRENCH,
COMBINATION WRENCH,
COMBINATION WYE AND BEND FITTING,
COMBO FILTER SCREEN ELEMENT,
COMMUNICATION CABLE,
COMPACT FLUORESCENT LAMP,
COMPACT HACK SAW,
COMPACT OVERFLOW SWITCH,
COMPACT PIPE BENDER KIT,
COMPOUND METER,
COMPRESSOR START ASSIST,
COMPRESSOR TOTE,
CONCEALED STRAIGHT VALVE,
CONCENTRIC PUMP,
CONCENTRIC VENT KIT,
CONCRETE INSERT,
CONCRETE METER BOX,
CONDENSATE CLEANOUT DEVICE,
CONDENSATE DRAIN LINE CLEANING SERVICE TOOL KIT,
CONDENSATE NEUTRALIZING REFILL KIT,
CONDENSATE P-TRAP,
CONDENSATE PAN TREATMENT,
CONDENSATE PUMP OVERFLOW SAFETY SWITCH,
CONDENSATE TRAP AND OVERFLOW SWITCH,
CONDENSATION DRYER,
CONDENSER EQUIPMENT PAD,
CONDENSER FAN MOTOR BRACKET ADAPTER,
CONDENSER PROPELLER,
CONDENSING GAS COMBINATION BOILER,
CONDENSING TANKLESS WATER HEATER,
CONDENSING UNIT RUN CAPACITOR,
CONDUIT ADAPTER,
CONDUIT BODY,
CONDUIT HANGER,
CONDUIT STAPLE,
CONE-WITHIN-A-CONE-SPRAY,
CONSTANT WATER PRESSURE SYSTEM,
CONTRACTORS HOLE SAW KIT,
CONTROL FLOAT SWITCH,
CONTROL TRANSFORMER,
COOKER,
COOKING SURFACE INSERT,
COOKTOP FILLER STRIP,
COOKTOP RECIRCULATION KIT,
COOKTOP WALL HOOD FLUE EXTENSION,
COOKWARE SET,
COOLER BEVERAGE HOLDER,
COOLER DRAIN PLUG,
COOLER TUMBLER STRAW LID,
COOLING NECK BAND,
COOLING NECK SHADE,
COOLING THERMOCOUPLE,
CORDLESS RATCHET TOOL,
CORE DEPRESSOR VALVE,
CORE DEPRESSOR,
CORE DRILLING MACHINE VACUUM PUMP FLOAT BALL,
CORE DRILLING MACHINE VACUUM PUMP SLOT CAP GASKET,
CORE DRILLING MACHINE VACUUM PUMP VACUUM GAUGE,
CORE DRILLING MACHINE VACUUM PUMP WATER TRAP JAR,
CORK INSULATION TAPE,
CORNICE DRAIN,
CORRECTION TAPE,
CORRUGATED FLEXIBLE GAS TUBING,
COUNTER SINK,
COUPLER DEPRESSOR,
COUPLING CLAMP,
COUPLING DISC,
COUPLING DRIVER,
COUPLING GASKET,
COUPLING HOSE,
COUPLING WRENCH,
CRANKCASE HEATER,
CRIMP RING REMOVER TOOL,
CRIMP RING TOOL,
CROSS OVER FITTING,
CURB BOX KEY,
CURB POWER CONNECTION,
CURB STOP WRENCH,
CUSTOM HOOD LINER,
CUT RESISTANT GLOVES,
CUTLERY BLOCK SET,
CUTTING ATTACHMENT,
CUTTING PREP MACHINE FITTING BRUSH,
CUTTING PREP MACHINE,
CYLINDER TANK JOB KNOB,
DAMPER ACTUATOR MOTOR,
DAMPER DRIVE ASSEMBLY,
DAMPER REGULATOR END BEARING,
DAMPER ROD CLIP,
DE-GALVANIZING SPRAY,
DEADBOLT,
DEBURRING GAUGE TOOL,
DECK DIVERTER VALVE,
DECORATIVE FLUSH VENT FIXTURE LAMP,
DEEP SEAL TRAP,
DEFINITE PURPOSE CONTACTOR,
DEFROST THERMOSTAT,
DEGREASER CLEANER,
DEHUMIDIFIER FILTER,
DEMOLITION HAMMER,
DEPTH GAUGE TOOL,
DEWATERING SYSTEM PANEL,
DIAGNOSTIC PSYCHROMETER,
DIAMOND CORING ATTACHMENT METER BOX ASSEMBLY,
DIAPHRAGM GAUGE,
DIAPHRAGM PUMP TANK,
DIAPHRAGM WELL TANK,
DIE GRINDER,
DIELECTRIC ISOLATING VALVE SET,
DIELECTRIC UNION FITTING,
DIELECTRIC WATERWAY FITTING,
DIFFUSER DAMPER,
DIFFUSER GRILLE FRAME,
DIGITAL CAPACITOR TESTER,
DIRECT DRIVE FAN AND BLOWER MOTOR,
DISCONNECT KIT,
DISHWASHER AIR GAP CAP,
DISHWASHER CONNECTOR KIT,
DISHWASHER DISCHARGE HOSE,
DISHWASHER DRAIN CONNECTOR,
DISHWASHER DRAIN HOSE,
DISHWASHER ELBOW,
DISHWASHER HANDLE,
DISHWASHER HOSE,
DISHWASHER POWER CORD,
DISHWASHER SIDE MOUNT KIT,
DISHWASHER SPRAY ARM,
DISPENSER,
DISPOSABLE SHOE COVER,
DISPOSAL STOPPER,
DISPOSER CORD,
DISPOSER FLANGE AND STOPPER,
DISPOSER TAILPIECE ELBOW,
DISTRIBUTION TUBING,
DIVERTER ASSEMBLY,
DIVERTER VALVE ASSEMBLY,
DIVIDER,
DOMESTIC HOT WATER AQUASTAT,
DOOR ADAPTER,
DOOR BOLT JAMB BOLT,
DOOR BUMPER TIP,
DOOR EDGE PULL,
DOOR ENTRANCE HANDLE SET,
DOOR FLUSH PULL,
DOOR HANDLE SET,
DOOR HINGE PIN STOP,
DOOR HINGE,
DOOR KEYWAY,
DOOR LATCH,
DOOR LOCK,
DOOR PULL,
DOOR PUSH PLATE,
DOOR SCREW,
DOOR SET,
DOOR SPINDLE,
DOOR STRIKE PLATE SCREW,
DOOR STRIKE PLATE,
DOUBLE CHECK BACKFLOW PREVENTER,
DOUBLE CHECK VALVE REPAIR KIT,
DOUBLE DRAWER FREEZER,
DOUBLE DRAWER REFRIGERATOR,
DOUBLE TRAP OFFSET,
DOWNDRAFT HOOD TRANSITION,
DOWNDRAFT INTERIOR POWER VENTILATOR KIT,
DOWNDRAFT VENT,
DOWNDRAFT VENTILATION,
DOWNDRAFT VENTILATOR,
DOWNFLOW COIL ADAPTER,
DRAIN ADAPTER BUSHING,
DRAIN ADAPTER KIT,
DRAIN ASSEMBLY CLIP,
DRAIN ASSEMBLY,
DRAIN BACKWATER DEVICE,
DRAIN BASIN KIT,
DRAIN BODY,
DRAIN CABLE MACHINE ROOT RIPPER,
DRAIN CABLE MACHINE SIDE CUTTER,
DRAIN CABLE MINI ROOTER UNIT,
DRAIN CARRIER COUPLING,
DRAIN CARTRIDGE ASSEMBLY,
DRAIN CLEANER CARTRIDGE,
DRAIN CLEANER CORD,
DRAIN CLEANER COUPLING,
DRAIN CLEANER FOOT PEDAL AND HOSE,
DRAIN CLEANER FREEZE KIT,
DRAIN CLEANER GARBAGE DISPOSAL WIRING KIT,
DRAIN CLEANER HANDY SNAKE,
DRAIN CLEANER INSPECTION CAMERA REEL,
DRAIN CLEANER MACHINE ADAPTER,
DRAIN CLEANER MACHINE AUGER,
DRAIN CLEANER MACHINE CABLE CLAMP ASSEMBLY,
DRAIN CLEANER MACHINE CABLE KIT,
DRAIN CLEANER MACHINE CLUTCH CONE,
DRAIN CLEANER MACHINE COUPLING CABLE,
DRAIN CLEANER MACHINE COUPLING,
DRAIN CLEANER MACHINE DOWN HEAD BORING GIMLET,
DRAIN CLEANER MACHINE DRUM ASSEMBLY,
DRAIN CLEANER MACHINE FRONT GUARD,
DRAIN CLEANER MACHINE FUNNEL AUGER,
DRAIN CLEANER MACHINE HANDY STAND,
DRAIN CLEANER MACHINE HOSE ASSEMBLY,
DRAIN CLEANER MACHINE HOSE,
DRAIN CLEANER MACHINE JAWSET,
DRAIN CLEANER MACHINE KNOB ASSEMBLY,
DRAIN CLEANER MACHINE NUT,
DRAIN CLEANER MACHINE PIGTAIL,
DRAIN CLEANER MACHINE PLUNGER PIN,
DRAIN CLEANER MACHINE PULLEY AND SHAFT ASSEMBLY,
DRAIN CLEANER MACHINE REPAIR COUPLER,
DRAIN CLEANER MACHINE REPAIR SPLICER,
DRAIN CLEANER MACHINE RETAINING RING,
DRAIN CLEANER MACHINE SAW BLADE,
DRAIN CLEANER MACHINE SPEAR HEAD CUTTER,
DRAIN CLEANER MACHINE STRAIGHT AUGER,
DRAIN CLEANER MACHINE THRUST BEARING ASSEMBLY,
DRAIN CLEANER MACHINE TRAP LEADER,
DRAIN CLEANER MACHINE V-BELT,
DRAIN CLEANER MONITOR,
DRAIN CLEANER POWER CABLE FEED ASSEMBLY,
DRAIN CLEANER POWER SWITCH DIAPHRAGM,
DRAIN CLEANER RETRIEVING AUGER,
DRAIN CLEANER URINAL AUGER CABLE,
DRAIN CLEANER VIDEO INSPECTION SYSTEM CAMERA REEL,
DRAIN CLEANER WIRE CABLE GRIPPER,
DRAIN CLEANING CLOSET AUGER HEAD,
DRAIN CLEANING DRUM MACHINE,
DRAIN CLEANING SECTIONAL DRUM SYSTEM KIT,
DRAIN CLEANING SECTIONAL DRUM SYSTEM,
DRAIN CLEANING SECTIONAL MACHINE,
DRAIN CLEANOUT PLATE,
DRAIN CLOSET FLANGE,
DRAIN COCK,
DRAIN CONDENSATE ADAPTER,
DRAIN CONNECTING GASKET,
DRAIN CONVERSION BAR KIT,
DRAIN COVER,
DRAIN CUP PLUNGER,
DRAIN CURB-O-LET,
DRAIN DISPOSAL FLANGE STOPPER,
DRAIN DISPOSAL OUTLET HUSH CUSHION,
DRAIN DOWNSPOUT ADAPTER,
DRAIN DOWNSPOUT NOZZLE,
DRAIN DUMBELL WRENCH,
DRAIN EXTENSION FLANGE,
DRAIN EXTENSION,
DRAIN EXTERNAL WATER DAM,
DRAIN FLAT BATH SHOE GASKET,
DRAIN FLOOR AND WALL HOLE FORM,
DRAIN FUNNEL ASSEMBLY,
DRAIN GASKET,
DRAIN HARDWARE SET,
DRAIN HEATER,
DRAIN IN-LINE TRAP,
DRAIN INSPECTION CAMERA IMAGER,
DRAIN LIFTROD TOGGLE,
DRAIN LINE CLEANING CARTRIDGE,
DRAIN LOCKING OUTLET,
DRAIN MANHOLE HOOK,
DRAIN MEMBRANE CLAMP,
DRAIN MESH,
DRAIN OFFSET,
DRAIN OPENER CRYSTAL,
DRAIN OVERFLOW GASKET,
DRAIN OVERFLOW PLUG,
DRAIN PAN SENSOR,
DRAIN RING,
DRAIN SCREEN,
DRAIN SENSOR,
DRAIN SNAKE TOOL ADAPTER,
DRAIN SOCKET RING,
DRAIN SOCKET,
DRAIN STRAINER EXTENSION ADAPTER,
DRAIN STRAINER OFFSET WASTE,
DRAIN TEST COUPLING,
DRAIN TEST WEDGE AND VALVE,
DRAIN THROAT UPGRADE,
DRAIN THROAT,
DRAIN TRIM GRID,
DRAIN TRIM SET,
DRAIN VIDEO INSPECTION CABLE EXTENSION,
DRAIN VIDEO INSPECTION SYSTEM BATTERY AND CHARGER KIT,
DRAIN VIDEO INSPECTION SYSTEM INTERCONNECT CABLE,
DRAIN VIDEO INSPECTION SYSTEM ROLLER DOLLY,
DRAIN WALL PIPE,
DRAIN WASTE ARM,
DRAIN WASTE CONNECTOR,
DRAIN WASTE SYSTEM CLEANER,
DRAIN WATER RELIEVE CAP,
DRAIN WATERLESS TRAP SEAL,
DRAINAGE CATCH BASIN ADAPTER PLUG,
DRAINAGE CATCH BASIN SUMP BOX,
DRAINAGE SYSTEM CLEANOUT TEE TEST TOOL,
DRAINAGE SYSTEM GASKET,
DRAWER CABINET,
DRAWER INSERT,
DRENCH SHOWER AND EYEWASH UNIT,
DRENCH SHOWER,
DRILL AND DRIVE SET,
DRILL AND DRIVER KIT,
DRILL BIT SCREW,
DRILL KIT,
DRILL-IN SCREW,
DRINKING FOUNTAIN BOTTLE FILLING STATION,
DRINKING FOUNTAIN BUBBLER CARTRIDGE,
DRINKING FOUNTAIN BUBBLER REGULATOR,
DRINKING FOUNTAIN BUBBLER VALVE,
DRINKING FOUNTAIN BUBBLER,
DRINKING FOUNTAIN CANE APRON,
DRINKING FOUNTAIN CARTRIDGE,
DRINKING FOUNTAIN DRAIN ASSEMBLY,
DRINKING FOUNTAIN MOUNTING FRAME,
DRINKING FOUNTAIN MOUNTING PLATE,
DRINKING FOUNTAIN RETROFIT KIT,
DRINKING FOUNTAIN WALL MOUNTING PLATE,
DRINKING WATER FOUNTAIN,
DRIVE BIT PUCK,
DRIVE GUIDE SET,
DRIVE SOCKET SET,
DROP-DOWN DOOR,
DROP-IN COOLER,
DRUM CLEANER DRUM MACHINE ASSEMBLY,
DRY BOX,
DRY ERASE MARKER,
DRY PANTRY,
DRYER CONTACT MODULE,
DRYER DUCT,
DRYER DUCTING KIT,
DRYER ELBOW,
DRYER OUTLET BOX KIT,
DRYER PERISCOPE,
DRYER STACK KIT,
DRYER STACKING KIT,
DRYER TRIM PLATE,
DRYER VENT CLAMP,
DRYER VENT HOOD,
DRYER VENT HOSE,
DRYER VENT JACK,
DRYER VENT KIT,
DRYER VENTILATION KIT,
DRYWALL SAW,
DRYWALL SCREW KIT,
DUAL CHECK VALVE,
DUAL CIRCUIT,
DUAL CONTROL VALVE,
DUAL FILTER PLENUM,
DUAL FUEL BEZEL KIT,
DUAL FUEL KNOB,
DUAL FUEL RANGE KNOB,
DUAL FUEL RANGE RISER,
DUAL OUTLET STOP VALVE,
DUAL OUTLET VALVE,
DUAL SECTION MOTOR RUN CAPACITOR,
DUAL SENSOR,
DUAL TITE GASKET,
DUAL UNIT VALVE,
DUCT ACCESS DOOR,
DUCT BANGER,
DUCT BOOT,
DUCT BOX,
DUCT CABLE LOCK BRACKET ASSEMBLY,
DUCT CABLE LOCK,
DUCT CEILING OUTLET BOX,
DUCT CLEAT,
DUCT COLLAR,
DUCT CONNECTOR,
DUCT CORNER ALIGNMENT TOOL,
DUCT COUPLING,
DUCT COVER,
DUCT CRIMPER,
DUCT CUTTER,
DUCT DAMPER,
DUCT DIFFUSER,
DUCT ELBOW,
DUCT END BOOT,
DUCT FAN,
DUCT FILTER RACK,
DUCT FLANGE CORNER,
DUCT FLANGE,
DUCT GRILLE,
DUCT HANGER STRAP,
DUCT HANGER TAPE,
DUCT HANGING STRAP,
DUCT HOLE CUTTER,
DUCT INSULATION,
DUCT KNIFE,
DUCT LINER,
DUCT PIPE REDUCER,
DUCT PIPE SLEEVE,
DUCT PIPE WYE,
DUCT PIPE,
DUCT PLENUM,
DUCT RAIL,
DUCT REDUCER,
DUCT REGULATOR SET,
DUCT ROOF JACK,
DUCT SAMPLING PIPE,
DUCT SEAL TAPE,
DUCT SEALANT,
DUCT SEALER,
DUCT SEALING SYSTEM,
DUCT SLIP AND DRIVE SYSTEM,
DUCT SMOKE DETECTOR MULTI-SIGNALING UNIT,
DUCT SMOKE DETECTOR REMOTE ALARM,
DUCT SMOKE DETECTOR SAMPLING PIPE,
DUCT SMOKE DETECTOR TEST GAS,
DUCT SMOKE DETECTOR,
DUCT STANDOFF REGULATOR,
DUCT STRAP,
DUCT SUPPORT WEBBING,
DUCT TEE,
DUCT TIE,
DUCT VANE RAIL,
DUCT WALL CAP,
DUCT WELD PIN,
DUCT WRAP INSULATION,
DUCT WRAP,
DUCT WYE,
DUCT-FREE AIR CONDITIONER,
DUCTBOARD ACCESS DOOR,
DUCTBOARD WALL BOX,
DUCTLESS SYSTEM BEND FITTING,
DUCTLESS SYSTEM CHANNEL BEND,
DUCTLESS SYSTEM CHANNEL CAP,
DUCTLESS SYSTEM CHANNEL DRAIN ADAPTER,
DUCTLESS SYSTEM CHANNEL ELBOW,
DUCTLESS SYSTEM CHANNEL FLEX JOINT,
DUCTLESS SYSTEM CHANNEL T-JOINT,
DUCTLESS SYSTEM CHANNEL UNION COUPLING,
DUCTLESS SYSTEM CHANNEL WALL PENETRATION COVER,
DUCTLESS SYSTEM CHANNEL,
DUCTLESS SYSTEM INSTALLATION KIT,
DUCTLESS SYSTEM PUMP,
DUCTLESS SYSTEM WALL SLEEVE,
DUST MASK,
EARPLUG,
ECM BLOWER MOTOR,
ECM BLOWER,
ECM REFRIGERATION FAN MOTOR,
ECM VARIABLE SPEED BLOWER,
ECONOMIZER,
ECONOMY COIL KIT,
EFFLUENT FILTER,
EFFLUENT PUMP,
EGG GRILL ASH REMOVAL PAN,
EGG GRILL BAKING STONE,
EGG GRILL CHICKEN ROASTER,
EGG GRILL COOKBOOK,
EGG GRILL COOKING ASH TOOL,
EGG GRILL COOKING GRID,
EGG GRILL FIRE BOX,
EGG GRILL MATE,
EGG GRILL NEST HANDLER,
EGG GRILL NEST STAND,
EGG GRILL ROASTER,
EGG NEST COVER,
ELECTRIC CLOTHES WASHER AND DRYER,
ELECTRIC COIL,
ELECTRIC COOKTOP DOWNDRAFT VENT,
ELECTRIC COOKTOP DOWNDRAFT VENTILATION,
ELECTRIC DIE SET,
ELECTRIC DRILL CHUCK KEY HOLDER,
ELECTRIC DRILL RAM BIT,
ELECTRIC DRYER CORD,
ELECTRIC FURNACE BLOWER MOTOR,
ELECTRIC FURNACE BLOWER WHEEL,
ELECTRIC FURNACE FILTER BASE,
ELECTRIC FURNACE FUSE LINK,
ELECTRIC FURNACE HEATER RELAY,
ELECTRIC FURNACE LIMIT SWITCH,
ELECTRIC FURNACE,
ELECTRIC HEAT PUMP KIT,
ELECTRIC HYDROSTATIC TEST PUMP,
ELECTRIC PIPE CUTTER,
ELECTRIC POWER DRAIN SNAKE KIT,
ELECTRIC RANGE CORD,
ELECTRIC RANGE GRIDDLE,
ELECTRIC RANGE,
ELECTRIC ROLL GROOVER HAND PUMP,
ELECTRIC ROLL GROOVER RETAINING RING,
ELECTRIC ROLL GROOVER SET SCREW,
ELECTRIC ROLL GROOVER T-HANDLE KEY,
ELECTRIC SHEAR,
ELECTRIC TANKLESS WATER HEATER,
ELECTRIC TRACED LABEL,
ELECTRIC WASHER,
ELECTRIC WATER COOLER SUPPORT,
ELECTRIC WATER HEATER AERATOR,
ELECTRIC WATER HEATER THERMOSTAT KIT,
ELECTRIC WATER HEATER,
ELECTRICAL STAPLE,
ELECTROLYTIC MOTOR START CAPACITOR,
ELECTRONIC CONTROLLER,
ELECTRONIC COUNTER,
ELECTRONIC DEFROST TIMER,
ELECTRONIC FAN TIMER,
ELECTRONIC FAUCET ADAPTER,
ELECTRONIC FAUCET DECK PLATE,
ELECTRONIC FAUCET PROGRAMMING UNIT,
ELECTRONIC FAUCET TRANSFORMER,
ELECTRONIC FAUCET VALVE PISTON ASSEMBLY,
ELECTRONIC FAUCET VALVE PISTON COVER KIT,
ELECTRONIC FAUCET,
ELECTRONIC FLUSH VALVE,
ELECTRONIC MEGOHMMETER,
ELECTRONIC MODULE,
ELECTRONIC PEDESTAL FAUCET,
ELECTRONIC SENSOR FAUCET ADAPTER WIRE,
ELECTRONIC SOAP DISPENSER CONVERTER,
ELECTRONIC SOAP DISPENSER,
ELECTRONIC TEMPERATURE CONTROLLER,
ELECTRONIC TIME SWITCH,
ELEMENT SENSOR,
ELEVATOR SUMP PUMP SYSTEM,
ELEVATOR SUMP PUMP,
ELIMINATOR,
ELONGATED TOILET TANK,
EMERGENCY SHUT OFF DEVICE,
EMERGENCY SHUT-O? DEVICE,
EMERGENCY SUMP PUMP SYSTEM,
ENCLOSED DISCONNECT SWITCH,
ENCLOSED ELECTRONIC TRANSFORMER,
ENCLOSED SWITCHING RELAY,
END SECTION FITTING,
ENTERTAINMENT SINK,
ENTHALPY CONTROL,
ENVELOPE,
EPA STUDY GUIDE AND TEST,
EPOXY PUTTY,
EQUIPMENT REMOTE MODULE THERMOSTAT,
EQUIPMENT REMOTE MODULE,
EQUIPMENT STAND,
ESCUTCHEON GASKET KIT,
ESCUTCHEON KIT,
ESCUTCHEON PLATE,
ETERNA CARTRIDGE,
EUCALYPTUS OIL,
EVAPORATIVE AIR COOLER DRAIN PUMP,
EVAPORATIVE AIR COOLER HIGH DENSITY PAD MEDIA,
EVAPORATIVE AIR COOLER LOW DENSITY PAD MEDIA,
EVAPORATIVE AIR COOLER MOTOR,
EVAPORATIVE AIR COOLER POWER CLEANING SYSTEM,
EVAPORATIVE AIR COOLER PUMP,
EVAPORATIVE COOLER AEROSOL EXTERIOR PAINT,
EVAPORATIVE COOLER AIR FRESHENER,
EVAPORATIVE COOLER ANGLE NEEDLE VALVE,
EVAPORATIVE COOLER ANODE KIT,
EVAPORATIVE COOLER BLEED OFF KIT,
EVAPORATIVE COOLER BLEED TEE,
EVAPORATIVE COOLER BLOWER MOTOR PULLEY AND KEY WAY,
EVAPORATIVE COOLER BLOWER SHAFT,
EVAPORATIVE COOLER CLEANER,
EVAPORATIVE COOLER COLLAR,
EVAPORATIVE COOLER COMPRESSION SLEEVE,
EVAPORATIVE COOLER DRAIN KIT,
EVAPORATIVE COOLER DRAIN,
EVAPORATIVE COOLER EXHAUST VENT,
EVAPORATIVE COOLER MINERAL AND SCALE ELIMINATION SYSTEM,
EVAPORATIVE COOLER MOTOR PULLEY PULLER,
EVAPORATIVE COOLER NEEDLE VALVE,
EVAPORATIVE COOLER OIL,
EVAPORATIVE COOLER OVERFLOW DRAIN ASSEMBLY,
EVAPORATIVE COOLER PIGTAIL MOTOR RECEPTACLE,
EVAPORATIVE COOLER PUMP HOSE AND WATER DISTRIBUTION SNAKE,
EVAPORATIVE COOLER PUMP KIT,
EVAPORATIVE COOLER PUMP SCREEN,
EVAPORATIVE COOLER PURGE PUMP DRAIN ADAPTER,
EVAPORATIVE COOLER PURGE PUMP DRAIN KIT ADAPTER,
EVAPORATIVE COOLER SADDLE VALVE,
EVAPORATIVE COOLER SHEAVE,
EVAPORATIVE COOLER SILLCOCK,
EVAPORATIVE COOLER SMOOTH KIT,
EVAPORATIVE COOLER SPIDER BEARING,
EVAPORATIVE COOLER VALVE,
EVAPORATIVE COOLER VARIABLE MOTOR PULLEY,
EVAPORATIVE COOLER WALL PLATE,
EVAPORATIVE COOLER WASHER,
EVAPORATIVE COOLER WATER DISTRIBUTOR KIT,
EVAPORATIVE COOLER WIRE BRUSH AND SCRAPER,
EVAPORATIVE COOLER WIRING KIT,
EVAPORATOR COIL AND REFRIGERATION FAN MOTOR,
EVAPORATOR COIL,
EVAPORATOR CONDENSER FIN COMB SET,
EVAPORATOR COOLER BLEED OFF KIT,
EVAPORATOR COOLER MOTOR PULLEY/SHEAVE,
EVAPORATOR COOLER WATER RESERVOIR,
EXHAUST CONNECTOR,
EXHAUST ELBOW ASSEMBLY,
EXHAUST FAN HEATER,
EXHAUST HOOD,
EXPANDING FIRESTOP FOAM,
EXPANSION VALVE COIL,
EXTENDED CAPACITY BATTERY PACK,
EXTENSION CORD POWER BLOCK,
EXTENSION COVER SET,
EXTENSION COVER,
EXTENSION LADDER,
EXTENSION RING,
EXTERIOR COOLER COVER,
EYE BOLT AND NUT,
EYE NUT,
EYE/FACE WASH UNIT,
EYEWASH COMBINATION,
EYEWASH STATION EMERGENCY ALARM SYSTEM,
EYEWASH UNIT,
FACEPLATE,
FACING TAPE,
FAIRMONT TONG,
FAN BLADE AND HUB PULLER,
FAN COIL DOWNFLOW GASKET KIT,
FAN COIL HORIZONTAL GASKET KIT,
FAN COIL MOTOR BLOWER,
FAN DRIVEN HEATER,
FAN DRIVEN LIGHT,
FAN DRIVEN VENTILATOR,
FAN EXTENSION ROD,
FARMER SINK,
FAUCET AC POWER ADAPTER KIT,
FAUCET AC POWER SUPPLY,
FAUCET ACCESSORY PACK,
FAUCET ACTUATOR ASSEMBLY,
FAUCET ADAPTER,
FAUCET AERATOR FLOW RESTRICTOR KIT,
FAUCET AERATOR KIT,
FAUCET AIR GAP COVER,
FAUCET AIR GAP UNIT,
FAUCET AND VALVE GREASE,
FAUCET ASSEMBLY COVER,
FAUCET BALL,
FAUCET BARREL,
FAUCET BATTERY,
FAUCET BEARING,
FAUCET BONNET SEAL PACKING,
FAUCET BONNET,
FAUCET BOTTOM SEAL,
FAUCET BRAIDED HOSE KIT,
FAUCET BUTTON VALVE ASSEMBLY,
FAUCET CAP ASSEMBLY,
FAUCET CAP NUT,
FAUCET CARTRIDGE BARREL,
FAUCET CARTRIDGE BOTTOM GASKET,
FAUCET CARTRIDGE SEAL,
FAUCET CARTRIDGE SLEEVE KIT,
FAUCET CARTRIDGE SPINDLE KIT,
FAUCET CARTRIDGE TOP GASKET,
FAUCET CHECK STEM REPAIR KIT,
FAUCET CHECK VALVE ASSEMBLY,
FAUCET CONTROL BOX ASSEMBLY,
FAUCET CONTROL BOX,
FAUCET CONTROLLER,
FAUCET COUPLING,
FAUCET COVER PLATE ASSEMBLY,
FAUCET COVER PLATE,
FAUCET DIAPHRAGM WASHER,
FAUCET DIPPERWELL REPAIR KIT,
FAUCET DISC STEM WASHER,
FAUCET DISPOSAL SPLASH GUARD,
FAUCET DIVERTER BIBB SEAT,
FAUCET DIVERTER KIT,
FAUCET DIVERTER PLUG,
FAUCET DIVERTER TRIM,
FAUCET DIVERTER VALVE CARTRIDGE ASSEMBLY,
FAUCET DIVERTER VALVE HANDLE HUB KIT,
FAUCET DIVERTER VALVE TRIM,
FAUCET DIVERTER VALVE,
FAUCET ELBOW,
FAUCET ESCUTCHEON NUT,
FAUCET ESCUTCHEON PIPE,
FAUCET EXTENSION CABLE,
FAUCET EXTENSION SET,
FAUCET EXTENSION STEM,
FAUCET FILTER RISER PIPE,
FAUCET FILTER,
FAUCET FILTRATION SYSTEM,
FAUCET FLOW CONTROL ASSEMBLY,
FAUCET FLOW CONTROL SPINDLE,
FAUCET FLOW RESTRICTOR,
FAUCET FRICTION RING,
FAUCET GRIP HANDLE,
FAUCET HAND SINK,
FAUCET HANDLE ASSEMBLY,
FAUCET HANDLE BASE MROSCS LEAF CLASS NAME,
FAUCET HANDLE BUTTON,
FAUCET HANDLE CAP KIT,
FAUCET HANDLE CAP,
FAUCET HANDLE PULLER,
FAUCET HANDLE REPAIR BALL,
FAUCET HARDWARE KIT,
FAUCET HARDWARE PACK SEAT ASSEMBLY,
FAUCET HARDWARE PACKAGE,
FAUCET HARDWIRE CONVERTER,
FAUCET HOSE BRACKET,
FAUCET HOSE END,
FAUCET HOSE KIT,
FAUCET HOSE SPRAY,
FAUCET HOSE WASHER,
FAUCET HYDRO CARTRIDGE,
FAUCET IN-LINE CHECK ASSEMBLY,
FAUCET IN-LINE SCREEN ASSEMBLY,
FAUCET IN-WALL VALVE,
FAUCET INSTALL KIT,
FAUCET INSTALLATION KIT,
FAUCET JUNCTION BOX AND SPLASH PROOF ASSEMBLY,
FAUCET KNOB INSERT KIT,
FAUCET LAMINAR OUTLET,
FAUCET LEGEND ESCUTCHEON SCREW,
FAUCET LEVER HANDLE SCREW,
FAUCET LIFT ROD,
FAUCET METERING VALVE,
FAUCET NON-AERATED SPRAY,
FAUCET NOZZLE,
FAUCET OPERATING CARTRIDGE,
FAUCET OVERFLOW SHELL SERVICE KIT,
FAUCET PERFECT VALVE CARTRIDGE,
FAUCET PLATE GASKET,
FAUCET PLUG-IN ADAPTER,
FAUCET PLUG-IN TRANSFORMER,
FAUCET PLUNGER,
FAUCET POP-UP BALL CRANK AND NUT,
FAUCET POWER CONNECTOR CABLE,
FAUCET POWER SPLITTER,
FAUCET PRESSURE BALANCING VALVE CARTRIDGE,
FAUCET PROTECTOR,
FAUCET PUSHBUTTON DIVERTER,
FAUCET QUICK COUPLING,
FAUCET REBUILD KIT,
FAUCET REMODEL COVER PLATE,
FAUCET REMOVABLE SEAT,
FAUCET RENEW SEAT,
FAUCET RENEWABLE SEAT SOCKET WRENCH,
FAUCET REPAIR PACKING ROPE,
FAUCET REPAIR VALVE STEM PACKING,
FAUCET REPAIR WASHER,
FAUCET RETAINER SLEEVE,
FAUCET RISER CONCRETE MOUNTING KIT,
FAUCET ROD MROSCS LEAF CLASS NAME,
FAUCET ROUGH,
FAUCET SCREW EXTENDER,
FAUCET SEAT KIT,
FAUCET SEAT SET,
FAUCET SEAT WASHER SCREW,
FAUCET SEAT WASHER,
FAUCET SEAT WRENCH,
FAUCET SENSOR ASSEMBLY,
FAUCET SENSOR CROWN ASSEMBLY,
FAUCET SENSOR WINDOW HOUSING ASSEMBLY,
FAUCET SHANK ASSEMBLY,
FAUCET SHOWER VALVE ROUGH-IN KIT,
FAUCET SIDE SPRAY,
FAUCET SOLENOID VALVE CARTRIDGE,
FAUCET SPINDLE ASSEMBLY KIT,
FAUCET SPINDLE INSERT,
FAUCET SPINDLE PACKING NUT,
FAUCET SPINDLE PARTS KIT,
FAUCET SPOUT O-RING KIT,
FAUCET SPOUT PACKING,
FAUCET SPRAY DIVERTER,
FAUCET SPRAY NIPPLE CAP,
FAUCET SPRAYRATOR,
FAUCET SPRING,
FAUCET STEM EXTENDER,
FAUCET STEM REPAIR KIT,
FAUCET STEM RETAINER NUT,
FAUCET STEM SEAL,
FAUCET STEM SEAT,
FAUCET STEM STOP,
FAUCET STOP VALVE KIT,
FAUCET STREAM REGULATOR,
FAUCET SUPPLY ARM,
FAUCET SUPPLY HOSE,
FAUCET SWIVEL ADAPTER,
FAUCET TAILPIECE UNION,
FAUCET TEE,
FAUCET TEMPERATURE LIMIT STOP KIT,
FAUCET TRIM RETROFIT KIT,
FAUCET VALVE CARTRIDGE REPAIR KIT,
FAUCET VALVE DIVERTER VOLUME SPINDLE,
FAUCET VALVE DOME COVER AND LOCKNUT,
FAUCET VALVE ESCUTCHEON CLIP,
FAUCET VALVE HANDLE EXTENSION KIT,
FAUCET VALVE KIT,
FAUCET VALVE O-RING,
FAUCET VALVE ROUGH-IN BOX,
FAUCET VALVE SEAT AND O-RING KIT,
FAUCET VALVE TRIM KIT,
FAUCET VOLTAGE ADAPTER,
FAUCET VOLUME CONTROL HANDLE,
FAUCET WALL OUTLET AND CHECK VALVE,
FAUCET WASHERLESS SEAL,
FAUCET WASTE PIPE ASSEMBLY,
FAUCET WATER SUPPLY CONNECTOR,
FAUCET WRIST BLADE KIT,
FELT TIP PEN,
FEMALE DISCONNECT TERMINAL,
FIBERED MASTIC,
FIELD LINE MARKER,
FILE FOLDER LABEL,
FILE STORAGE BOX,
FILL VALVE ASSEMBLY,
FILL VALVE SERVICE KIT,
FILL VALVE,
FILM TAPE,
FILTER ASSEMBLY,
FILTER BACK RETURN GRILLE,
FILTER BOOST REMOTE,
FILTER CARTRIDGE O-RING,
FILTER KIT,
FILTER REAR GRILL,
FILTRATION FAUCET,
FIN STRAIGHTENING TOOL,
FINE TIP MARKER,
FINGER CORD,
FINGERLESS WORK GLOVES,
FIRE DEPARTMENT CONNECTION CLAPPER,
FIRE EXTINGUISHER CABINET BREAK PANEL,
FIRE KING CHARCOAL BAG,
FIRE SPRINKLER ADAPTER MOUNTING BRACKET,
FIRE SPRINKLER ADAPTER PUSH-ON NUT,
FIRE SPRINKLER STOP VALVE,
FIRESTOP SYSTEM PIPE COLLAR,
FIRST AID KIT,
FITTING APPLICATION,
FIXTURE HANGER,
FIXTURE HANGING BOLT,
FIXTURE HANGING DRIVER,
FLAGGING TAPE,
FLAME BARRIER,
FLAME CONTROL BOARD,
FLAME SENSOR,
FLAMMABLE VAPOUR SENSOR,
FLANGE BOLT AND NUT SET,
FLANGE HARDWARE KIT,
FLANGE INSULATION KIT,
FLANGE PACKAGE ASSEMBLY,
FLANGED METER VALVE,
FLARE AND SWAGE KIT,
FLARE NUT FITTING,
FLARING SPIN SET,
FLARING TOOL AND RATCHET,
FLASHLIGHT HOLSTER,
FLAT SPRAY,
FLAT WASHER,
FLEX CONNECTOR,
FLEX DUCT SUPPORT,
FLEX INJECT SEALANT,
FLEXIBLE AIR DUCT,
FLEXIBLE CONDUIT WHIP,
FLEXIBLE DUCT CONNECTOR,
FLEXIBLE LAMINATE DUCT,
FLINT FRICTION LIGHTER RENEWAL UNIT,
FLINT FRICTION LIGHTER,
FLINT RENEWAL,
FLINT STRIKER,
FLOAT CONTROL,
FLOAT VALVE BALL,
FLOAT VALVE NOZZLE ASSEMBLY,
FLOAT VALVE STEM,
FLOAT VALVE,
FLOOD STOP CONTROLLER VALVE EXTENSION WIRE,
FLOOR ACCESS HOUSING,
FLOOR AND CEILING PLATE,
FLOOR AND SHOWER DRAIN,
FLOOR CLOSET BOWL GASKET,
FLOOR DRAIN ACCESS HOUSING,
FLOOR DRAIN BASKET,
FLOOR DRAIN CLEANOUT COLLAR,
FLOOR DRAIN CLEANOUT PLUG,
FLOOR DRAIN DECK CLAMP,
FLOOR DRAIN EXTENSION ADAPTER,
FLOOR DRAIN EXTENSION,
FLOOR DRAIN FUNNEL,
FLOOR DRAIN GASKET,
FLOOR DRAIN SPUD AND STRAINER,
FLOOR GASKET,
FLOOR INDIRECT WASTE DRAIN RECEPTOR,
FLOOR LEG FAUCET SHUT-OFF VALVE,
FLOOR RECEPTOR TOP ASSEMBLY,
FLOOR RECEPTOR,
FLOOR RISER KIT,
FLOOR SINK FULL GRATE,
FLOOR SINK FULL TOP GRATE,
FLOOR SINK TOP ASSEMBLY,
FLOOR SINK TOP,
FLOW IMPROVER,
FLOW INDICATOR,
FLOW-THROUGH MULTI-PORT TEE,
FLUE BAFFLE ASSEMBLY,
FLUE DISCHARGE DEFLECTOR,
FLUID CONNECTOR,
FLUORESCENT SCANNER INJECTOR TUBE,
FLUSH CLEANOUT,
FLUSH CLOSET FLANGE FITTING,
FLUSH MOUNT LIGHT FIXTURE,
FLUSH VALVE ACTUATOR,
FLUSH VALVE ASSEMBLY,
FLUSH VALVE GASKET,
FLUSH VALVE PRIMER,
FLUSH VALVE REPAIR KIT,
FLUSH VALVE SEAL SERVICE KIT,
FLUSH VALVE SEAL,
FLUSH VALVE STRAP,
FLUSHING RIM,
FLUSHING TOOL,
FLUSHOMETER ADAPTER O-RING,
FLUSHOMETER COVER PLATE,
FLUSHOMETER DIAPHRAGM KIT,
FLUSHOMETER ELECTRICAL BOX POSITIONING AND SUPPORT KIT,
FLUSHOMETER GUIDE ASSEMBLY,
FLUSHOMETER HANDLE CAP,
FLUSHOMETER HANDLE REPAIR KIT,
FLUSHOMETER SENSOR ASSEMBLY,
FLUSHOMETER SIDEMOUNT UNIT,
FLUSHOMETER TAILPIECE REMOVAL BAR,
FOAM COIL CLEANER,
FOIL DUCT TAPE,
FOOD SERVICE SINK,
FOOD WASTE DISPOSER,
FOOT PEDAL VALVE PARTS KIT,
FOOT VALVE,
FORGED VISE,
FORMED ANGLE,
FOUNDATION AND ROOF COATING CEMENT,
FOUNTAIN AND INTEGRAL BOTTLE FILLING STATION,
FOYER LIGHT FIXTURE,
FRAME INSERT,
FRAMED GLOVES,
FRAMING GLOVES,
FREEZER COLUMN,
FREEZER DOOR HANDLE,
FREEZER DOOR PANEL KIT,
FREEZER DOOR PANEL,
FREEZER DRAWER,
FREEZER SIDEKICK TRIM KIT,
FRIDGE UPGRADE DOOR LINER,
FSK INSULATION TAPE,
FULL GRATE,
FULL SLIP,
FURNACE BLOWER ASSEMBLY,
FURNACE BOOSTER ASSEMBLY,
FURNACE CONVERSION KIT,
FURNACE CORD,
FURNACE DOOR,
FURNACE FLAME SENSOR,
FURNACE HEAT SEQUENCER,
FURNACE MOTOR CONTROL,
FURNACE ROOF JACK BODY CROWN,
FUSE REDUCER,
FUSED SWITCH,
GAPPER CLOSET FLANGE,
GARBAGE DISPOSAL AIR SWITCH,
GARBAGE DISPOSAL SPLASH GUARD,
GARBAGE DISPOSAL STOPPER,
GARBAGE DISPOSAL STRAINER,
GARBAGE DISPOSAL WIRING KIT,
GARBAGE DISPOSAL,
GARBAGE DISPOSER FLANGE AND STOPPER,
GARBAGE DISPOSER FLANGE,
GARBAGE DISPOSER INSTALLATION TOOL,
GARBAGE DISPOSER KIT,
GARBAGE DISPOSER STOPPER,
GARBAGE DISPOSER,
GARDEN HOSE NOZZLE,
GARDEN HOSE WASHER,
GARDEN HOSE,
GARDEN TUB,
GAS APPLIANCE HOSE CONNECTOR,
GAS BURNER THERMOCOUPLE,
GAS CONVERSION KIT,
GAS COOKTOP GRIDDLE,
GAS DRYER,
GAS FURNACE AUXILIARY LIMIT SWITCH,
GAS FURNACE BLOWER ASSEMBLY,
GAS FURNACE BLOWER HARNESS ASSEMBLY,
GAS FURNACE BLOWER MOTOR,
GAS FURNACE BLOWER WHEEL,
GAS FURNACE BLOWER,
GAS FURNACE BOARD CONTROL,
GAS FURNACE BRACKET HANGER,
GAS FURNACE BURNER ASSEMBLY,
GAS FURNACE CIRCUIT BOARD,
GAS FURNACE COIL UNIT FILTER BASE,
GAS FURNACE CONDENSING TRAP ASSEMBLY,
GAS FURNACE CONTROL BOARD,
GAS FURNACE CONTROL FAN TIMER,
GAS FURNACE CONTROL MODULE,
GAS FURNACE CONTROL,
GAS FURNACE ECM CONTROL,
GAS FURNACE EVAPORATOR COIL CONDENSATE PAN,
GAS FURNACE EXHAUST BLOWER,
GAS FURNACE FAN SWITCH,
GAS FURNACE FAN UNIT FILTER BASE,
GAS FURNACE FILTER BASE,
GAS FURNACE FLAME SENSOR,
GAS FURNACE GAS CONVERSION KIT,
GAS FURNACE GAS VALVE,
GAS FURNACE IGNITER,
GAS FURNACE IGNITION CONTROL MODULE,
GAS FURNACE INDUCER FAN,
GAS FURNACE INDUCER HOUSING KIT,
GAS FURNACE INDUCER MOTOR,
GAS FURNACE INTERLOCK SWITCH,
GAS FURNACE LIMIT CONTROL,
GAS FURNACE LIMIT SWITCH,
GAS FURNACE LOOSE PARTS BAG,
GAS FURNACE MOTOR BLOWER,
GAS FURNACE MOTOR INDUCER,
GAS FURNACE MOTOR KIT,
GAS FURNACE MOTOR MOUNT KIT,
GAS FURNACE PILOT,
GAS FURNACE POWER CHOKE,
GAS FURNACE PRESSURE SWITCH,
GAS FURNACE ROOF JACK BODY,
GAS FURNACE ROOF JACK,
GAS FURNACE SENSOR,
GAS FURNACE SWITCH DOOR,
GAS FURNACE TEE DRAIN TRAP,
GAS FURNACE TEMPERATURE LIMIT SWITCH,
GAS FURNACE TEMPERATURE SWITCH,
GAS FURNACE THERMOCOUPLE,
GAS FURNACE TRANSFORMER,
GAS FURNACE VALVE,
GAS FURNACE,
GAS GRILL CONVERSION KIT,
GAS GRILL COVER,
GAS GRILL DOOR,
GAS GRILL JACKET,
GAS GRILL,
GAS IGNITION CABLE ASSEMBLY,
GAS IGNITION CONTROL,
GAS PIPE REGULATOR RAIN CAP,
GAS PIPE TAPE,
GAS RANGE BACK GUARD,
GAS RANGE GAS CONVERSION KIT,
GAS RANGE GRIDDLE,
GAS RANGE KICKPLATE,
GAS RANGE KNOB,
GAS RANGE,
GAS RANGETOP,
GAS TEST GAUGE BODY,
GAS THERMOSTAT,
GAS VALVE ASSEMBLY,
GAS VALVE CONVERSION KIT,
GAS VALVE OUTLET BOX,
GAS VALVE VENTURI ASSEMBLY,
GAS VENT FIRESTOP,
GAS VENT HOLD DOWN PLATE,
GAS VENT PIPE CAP,
GAS VENT PIPE INCREASER,
GAS VENT PIPE WALL BAND,
GAS VENT REDUCER,
GAS VENT SHIELD,
GAS VENT STUD SHEETING,
GAS VENT WYE,
GAS/ELECTRIC UNIT BEARING,
GAS/ELECTRIC UNIT BELT DRIVE WHEEL,
GAS/ELECTRIC UNIT BLOWER EXHAUST ASSEMBLY,
GAS/ELECTRIC UNIT BLOWER GASKET,
GAS/ELECTRIC UNIT BLOWER KEY,
GAS/ELECTRIC UNIT CONDENSER COIL,
GAS/ELECTRIC UNIT CONDENSER FAN BLADE,
GAS/ELECTRIC UNIT CONDENSER MOTOR,
GAS/ELECTRIC UNIT CONDENSER,
GAS/ELECTRIC UNIT CONTACTOR,
GAS/ELECTRIC UNIT CORE VALVE,
GAS/ELECTRIC UNIT DRAFT INDUCER WHEEL,
GAS/ELECTRIC UNIT EVAPORATOR COIL ASSEMBLY,
GAS/ELECTRIC UNIT FAN TIMER,
GAS/ELECTRIC UNIT FREEZE STAT,
GAS/ELECTRIC UNIT GAS CONVERSION KIT,
GAS/ELECTRIC UNIT GASKET INDUCED DRAFT HEAT EXCHANGER,
GAS/ELECTRIC UNIT HEAT EXCHANGER,
GAS/ELECTRIC UNIT IGNITER ASSEMBLY,
GAS/ELECTRIC UNIT IGNITER SPARK CONTROL,
GAS/ELECTRIC UNIT IGNITER,
GAS/ELECTRIC UNIT IGNITION CONTROL BOARD,
GAS/ELECTRIC UNIT IGNITION CONTROL MODULE,
GAS/ELECTRIC UNIT LIQUID LINE FILTER DRIER,
GAS/ELECTRIC UNIT MOTOR ASSEMBLY,
GAS/ELECTRIC UNIT MOTOR PULLEY,
GAS/ELECTRIC UNIT MOTOR VARIABLE NOZZLE TURBINE,
GAS/ELECTRIC UNIT PILOT PIPE,
GAS/ELECTRIC UNIT PRESSURE SWITCH,
GAS/ELECTRIC UNIT RESTRICTOR PLATE,
GAS/ELECTRIC UNIT SENSOR PIPE,
GAS/ELECTRIC UNIT TABULATOR OUTLET,
GAS/ELECTRIC UNIT TEMPERATURE LIMIT SWITCH,
GAS/ELECTRIC UNIT TEMPERATURE SWITCH,
GASKET REMOVER PICK SET,
GATE VALVE BABBITT SPROCKET RIM,
GATE VALVE INDICATOR POST,
GATE VALVE KEY,
GEAR BOX THRUST WASHER,
GEARED THREADER DRIVE BAR,
GEL PEN,
GENERAL SERVICE BULB,
GERMICIDAL PIPE AND POWER SUPPLY,
GERMICIDAL UV LAMP,
GLASS BULB THERMOMETER,
GLASS FILLER FAUCET,
GLASS FILLER REPAIR KIT,
GLOBE LIGHT FIXTURE,
GRAB BAR SHOWER,
GRAB-ALL RETRIEVING TOOL,
GRANULAR CALCIUM HYPOREFRESH,
GRAPHITE GREASE,
GRAPHITE PACKING,
GREASE GUN,
GRID CLEANER,
GRID DRAIN,
GRIDDLE CLEANING KIT,
GRIDDLE CUTTING BOARD,
GRILL BURNER,
GRILL CART,
GRILL COVER,
GRILL IN-LINE REGULATOR,
GRILL JACKET,
GRILL KIT,
GRILL LINER,
GRILL LP GAS HOSE AND REGULATOR KIT,
GRILL REGULATOR,
GRILL RING,
GRILL ROTISSERIE KIT,
GRILL SIDE BURNER,
GRILL STEAMER/FRYER/PASTA,
GRILLE PANEL,
GRILLE,
GRINDER PUMP LIFTING BAIL,
GRIP JOINT RESTRAINT KIT,
GROOVE ROLL SET,
GROOVING HAND TOOL,
GROOVING WRENCH SET,
GROUND ADAPTER LIGHTED END,
GROUND HYDRANT,
GROUND JOINT ELBOW,
GROUND TANK LID,
GROUND TANK MANHOLE EXTENSION,
GUN FOAM CLEANER,
HALOGEN LAMP,
HALOGEN REFLECTOR LAMP,
HAMMER DRILL BIT,
HAMMER DRILL,
HAMMER TACKER,
HAND CLEANING TOWEL,
HAND CLOTH WIPE,
HAND FILE,
HAND GLOVES,
HAND PUMP,
HAND SHOWER AND HOSE,
HAND SHOWER DROP ELBOW CRADLE,
HAND SHOWER KIT,
HAND SHOWER OUTLET ELBOW,
HAND SHOWER PARKING BRACKET,
HAND SHOWER PIPE BASIC SET,
HAND SHOWER ROUGH-IN ADAPTER,
HAND SHOWER SET,
HAND SHOWER SLIDEBAR ANCHOR,
HAND SHOWER SYSTEM,
HAND SHOWER WALL BAR,
HAND SHOWER WALL BRACKET,
HAND SHOWER WALL OUTLET,
HAND SPINNER,
HAND SPRAY SUPPORT ASSEMBLY,
HAND SPRAY,
HAND TOOL HANDLE,
HAND TOOL,
HAND TOWEL HOLDER,
HAND WIPE,
HANDHELD SHOWER ASSEMBLY,
HANDHELD SHOWER SET,
HANDHELD TAPE DISPENSER,
HANDI-CAP WRAP,
HANDLE REPAIR KIT,
HANDLER GLOVES,
HANGING FILE FOLDER,
HARD START KIT,
HARDWIRE CONVERTER,
HAT,
HEAD LAMP,
HEAD PRESSURE CONTROLLER,
HEAD STYLE HEX WASHER,
HEAD STYLE PAN,
HEAT BARRIER SPRAY,
HEAT PROOF GREASE,
HEAT PUMP BEARING PILLOW BLOCK,
HEAT PUMP COMBUSTION BLOWER ASSEMBLY,
HEAT PUMP COMPRESSOR HARNESS PLUG,
HEAT PUMP CONDENSER COIL KIT,
HEAT PUMP CONDENSER COIL,
HEAT PUMP DEFROST BOARD,
HEAT PUMP DEFROST CONTROL,
HEAT PUMP DISCONNECT SWITCH,
HEAT PUMP DUAL FUEL CONTROLLER,
HEAT PUMP ELECTRIC HEATER,
HEAT PUMP FAN MOTOR,
HEAT PUMP HARD START PTC RELAY AND CAPACITOR,
HEAT PUMP IGNITION CONTROL BOARD,
HEAT PUMP ISOLATION RELAY KIT,
HEAT PUMP LIQUID LINE DRIER,
HEAT PUMP LIQUID LINE FILTER DRIER,
HEAT PUMP LOW AMBIENT CONTROL,
HEAT PUMP LOW AMBIENT KIT,
HEAT PUMP OUTDOOR UNIT,
HEAT PUMP PLUG COMPRESSOR WIRE,
HEAT PUMP PULLEY,
HEAT PUMP REVERSE PLUG HARNESS ASSEMBLY,
HEAT PUMP REVERSING VALVE AND COIL,
HEAT PUMP RUN CAPACITOR,
HEAT PUMP SERVICE VALVE,
HEAT PUMP VALVE,
HEAT PUMP WATER HEATER,
HEAT PUMP WHIP CONNECTOR,
HEAT TRAP LOOP,
HEATED DIODE REFRIGERANT LEAK DETECTOR,
HEATED GEAR POWER SOURCE,
HEATED JACKET KIT,
HEATED JACKET PLUG ADAPTER,
HEATER ELEMENT WRENCH,
HEATER SEQUENCER,
HEATING CABLE GLASS TAPE,
HEATING CABLE PLUG KIT,
HEATING CABLE POWER CONNECTION KIT,
HEATING CABLE,
HEATING CONTROL PILOT KIT,
HEATING COOLING SYSTEM RING,
HEATING MANIFOLD ASSEMBLY,
HEATING SYSTEM CLEANER,
HEATING THERMOCOUPLE,
HEAVY DUTY PIPE CUTTER,
HEAVY DUTY UTILITY STRAP,
HEAVY HEXAGON NUT,
HEAVY STUD SHOE KIT,
HERMETIC MOISTURE INDICATOR,
HEX BOLT,
HEX DRIVER,
HEX HAND DRIVER KIT,
HEX IMPACT DRIVER KIT,
HEX KEY CADDY SET,
HEX KEY SET,
HEX KEY WRENCH SET,
HEX MACHINE SCREW NUT,
HEX NUT,
HEX WRENCH,
HEXAGON NUT,
HID LAMP,
HIGH ALTITUDE KIT,
HIGH CAPACITY CHAMBER,
HIGH HEAT SPRAY PAINT,
HIGH PRESSURE CHARGING HOSE,
HIGH STRENGTH CONCRETE MIX,
HIGH TENSION HACKSAW,
HIGHLIGHTER,
HINGE PIVOT STOP,
HOLE CUTTER FILE,
HOLE CUTTER SLEEVE,
HOLE SAW ADAPTER NUT,
HOLE SAW EXTENSION,
HOLE SAW STARTER BIT,
HOLLOW WALL SCREW ANCHOR,
HOME AND GARDEN SPRAYER,
HOOD DUCT COVER,
HOOD FACEPLATE/FLAPPER/SCREEN,
HOOD LINER BACKGUARD AND SHELF,
HOOD LINER RECIRCULATION/CHARCOAL FILTER KIT,
HOOD LINER,
HOOD POWER PACK AND BLOWER,
HOOD POWER PACK,
HOOD RECIRCULATION KIT,
HOOD/VENT CHIMNEY EXTENSION KIT,
HORNET AND WASP SPRAY,
HOSE BIBB LOCK,
HOSE BIBB MOP FITTING,
HOSE CAP FITTING,
HOSE COCK,
HOSE COUPLER,
HOSE FAUCET ANCHOR,
HOSE GASKET,
HOSE HANDLE ASSEMBLY,
HOSE INSERT FITTING,
HOSE MENDER COUPLING,
HOSE O-RING,
HOSE REEL,
HOSE SET,
HOSE SPRAY,
HOT COLD WATER DISPENSER,
HOT COLD WATER FAUCET,
HOT COLD WATER METERING FAUCET,
HOT COLD WATER METERING MIXING SINK FAUCET,
HOT COLD WATER METERING SINK FAUCET,
HOT COLD WATER MIXING FAUCET,
HOT COLD WATER MIXING SINK FAUCET,
HOT COLD WATER SINK FAUCET,
HOT SURFACE IGNITER ASSEMBLY,
HOT SURFACE IGNITION ASSEMBLY,
HOT WATER DISPENSER,
HOT WATER LINE THERMOMETER,
HOT WATER PUMP,
HOT WATER TANK FILTER,
HOT WATER TANK,
HOT WATER THERMOMETER,
HOUSEHOLD BULB,
HUB CLAMP,
HUB MOUNT TRANSFORMER,
HUMIDIFIER AIR FLOW PROVING SWITCH,
HVAC AIR PRESSURE SWITCH,
HVAC BLOWER WHEEL,
HVAC FLEXIBLE DUCT,
HVAC HARD START,
HVAC INTEGRATED CONTROL BOARD,
HVAC ODOR BLOCK,
HVAC PIPE FLUE CAP,
HVAC SYSTEM CARBON BLOCK,
HVAC SYSTEM CIRCUIT BREAKER SET,
HVAC SYSTEM DIAGNOSTIC TOOL TESTER,
HVAC SYSTEM ECM MOTOR REPAIR KIT,
HVAC SYSTEM FUSE HOLDER,
HVAC SYSTEM FUSED POWER TAP CORD,
HVAC SYSTEM MOTOR ADAPTER,
HVAC SYSTEM POCKET SHORT FINDER,
HVAC/R AIR CLEAN MINI FRESH,
HVAC/R CAPACITOR,
HVAC/R COMMUNICATING SYSTEM WATER SENSOR,
HVAC/R SYSTEM SMOKE EMITTER CARTRIDGE,
HVACR SERVICE TOOL BAG,
HYBRID TANK WATER HEATER,
HYDRANT CAP AND AIR VENT ASSEMBLY,
HYDRANT ELBOW FITTING,
HYDRANT REPAIR KIT,
HYDRANT VALVE EXTENSION KIT,
HYDRANT VALVE HANDLE AND SCREW,
HYDRAULIC PIPE CUTTER,
HYDRAULIC PIPE EXPANDER KIT,
I-BEAM LEVEL,
ICE AND WATER REFRIGERATOR FILTER,
ICE CHEST COOLER,
ICE MACHINE CLEANER,
ICE MACHINE DOOR FRONT KIT,
ICE MACHINE DRAIN PUMP KIT,
ICE MACHINE RETRO-FIT DOOR FRONT KIT,
ICE MACHINE WRAP AROUND DOOR SLEEVE KIT,
ICE MACHINE,
ICE MAKER BOX INSERT,
ICE MAKER INSTALLATION KIT,
ICE MAKER OUTLET BOX FRAME INSERT,
ICE MAKER PULL STOP BOX ROUGH-IN KIT,
ICE MAKER WATER FILTER,
ICEMAKER INSERT,
IGNITER GASKET,
IMPACT DRILL SET,
IMPACT DRIVE SET,
IMPACT DRIVER,
IMPACT SOCKET SET,
IMPACT WRENCH PIN DETENT KIT,
IN-LINE BLOWER,
IN-LINE VENTILATOR,
INCANDESCENT RECESSED HOUSING,
INDEX DIVIDER,
INDIRECT WASTE DRAIN,
INDOOR AIR SENSOR,
INDUCTION COOKTOP,
INDUSTRIAL BATTERY,
INDUSTRIAL EVAPORATIVE AIR COOLER,
INDUSTRIAL GRADE OXYGEN,
INDUSTRIAL KNEELING MAT,
INDUSTRIAL PIPE,
INDUSTRIAL SEALANT,
INDUSTRIAL THERMOMETER,
INFINITE SPEED BLOWER CONTROL,
INLET NIPPLE,
INLET PIPE,
INLET SWITCH,
INNER OUTER REAMER,
INSERT ADAPTER FITTING,
INSERT BIT KIT,
INSERT BIT SET,
INSERT BIT TIP,
INSERT BIT,
INSERT FITTING,
INSERT STIFFENER FITTING,
INSERT STIFFENER,
INSIDE CAULKING TOOL,
INSTANT SEALANT,
INSTITUTIONAL SHOWERHEAD,
INSULATED HOSE NOZZLE,
INSULATED TERMINAL KIT,
INSULATING FOAM,
INTERCEPTOR COVER,
INTERMITTENT IGNITION CONTROL,
INTERNAL BLOWER,
INTERNAL FILTER RACK,
INTERNAL PIPE WRENCH,
INTERNAL PLUG SETTING TOOL,
INTERNAL TUBING CUTTER,
INVERTED MARKING PAINT,
INVERTED SPRAY PAINT,
INVERTER CHECK KIT,
IRRIGATION PIPE CABLE SAW,
ISLAND ACCESS DOOR,
ISLAND CHIMNEY HOOD,
ISLAND DOUBLE ACCESS DOOR,
ISLAND HOOD DUCT COVER,
ISLAND HOOD,
ISOLATION PAD,
J-HOOK,
JAR TOP VALVE,
JAW PLIERS SET,
JIFFY POINT SCREW,
JOB KNOB TOOL,
JOBSITE CHARGER,
JOBSITE ORGANIZER,
KEY TOOL CADDY,
KITCHEN BAR SINK AIR GAP CAP,
KITCHEN BAR SINK AIR GAP,
KITCHEN BAR SINK STRAINER,
KITCHEN BASE CABINET,
KITCHEN BATH ADHESIVE CAULK,
KITCHEN BATH FAUCET CARTRIDGE,
KITCHEN BATH RELIEF VALVE,
KITCHEN BURNER,
KITCHEN CONTRACTOR PACK,
KITCHEN DRAIN WASTE DISPOSAL AIR SWITCH,
KITCHEN FAUCET BUTTON,
KITCHEN FAUCET COCK HOLE COVER,
KITCHEN FAUCET CONNECTOR KIT,
KITCHEN FAUCET DISPOSER SWITCH,
KITCHEN FAUCET ESCUTCHEON PLATE,
KITCHEN FAUCET ESCUTCHEON,
KITCHEN FAUCET FACE BUSHING,
KITCHEN FAUCET HANDLE ADAPTER KIT,
KITCHEN FAUCET HOSE,
KITCHEN FAUCET NUTCRACKER,
KITCHEN FAUCET O-RING ASSORTMENT,
KITCHEN FAUCET O-RING KIT,
KITCHEN FAUCET O-RING PICK,
KITCHEN FAUCET QUICK COUPLING,
KITCHEN FAUCET REPAIR PART KIT,
KITCHEN FAUCET SEAT AND SPRING KIT,
KITCHEN FAUCET SIDE SPRAY,
KITCHEN FAUCET SPOUT ADAPTER KIT,
KITCHEN FAUCET SPOUT,
KITCHEN FAUCET SPRAY DIVERTER,
KITCHEN FAUCET SPRAY HEAD,
KITCHEN FAUCET SPRAY VALVE,
KITCHEN FAUCET STEM REPAIR KIT,
KITCHEN FAUCET STOPPER AND FLANGE,
KITCHEN FAUCET TAILPIECE WASHER,
KITCHEN FAUCET VACUUM BREAKER KIT,
KITCHEN FAUCET WASHER KIT,
KITCHEN HOOD INSERT,
KITCHEN POT FILLER,
KITCHEN SINK AIR GAP KIT,
KITCHEN SINK BASKET STRAINER,
KITCHEN SINK BRACKET TIE BAR,
KITCHEN SINK CUTTING BOARD,
KITCHEN SINK DISPOSAL FLANGE,
KITCHEN SINK DRAIN AIR SWITCH,
KITCHEN SINK DRAIN HOLE COVER,
KITCHEN SINK DRAINER GRID,
KITCHEN SINK FAUCET BODY,
KITCHEN SINK FAUCET HANDLE,
KITCHEN SINK FAUCET SPOUT O-RING,
KITCHEN SINK FLANGE,
KITCHEN SINK GARBAGE DISPOSAL FLANGE,
KITCHEN SINK GARBAGE DISPOSAL STOPPER,
KITCHEN SINK GRATED RACK,
KITCHEN SINK ROLLER MAT,
KITCHEN SINK SHELF GRID,
KITCHEN SINK STRAINER BASKET,
KITCHEN SINK SURFACE SWIPER,
KITCHEN SINK TIE BAR BRACKET,
KITCHEN SINK WIRE GRID,
KITCHEN STORAGE DOOR,
KITCHEN STORAGE DRAWER,
KITCHEN STORAGE TOOL DRAWER,
KITCHEN TRASH CHUTE AND CUTTING BOARD,
KNEE PAD,
KNEE VALVE,
KNOCKOUT BUSHING,
KNUCKLE BIT HOLDER,
LAB FAUCET SUPPLY NIPPLE,
LABEL DIVIDER TAB,
LABORATORY DISTILLED WATER FAUCET,
LABORATORY EYEWASH FAUCET,
LABORATORY FAUCET,
LABORATORY TURRET,
LAG BOLT,
LAMP HOLDER,
LATEX POLYMER KITCHEN AND BATH ADHESIVE CAULK,
LAUNDRY FRONT LOAD PEDESTAL,
LAUNDRY TRAY,
LAUNDRY TUB FAUCET,
LAUNDRY TUB,
LAUNDRY/UTILITY FAUCET,
LAVATORY FAUCET USED ON ITEM,
LEAD LADLE,
LEAK DETECTION SYSTEM,
LED FLASHLIGHT,
LED FLOOD LIGHT,
LED POCKET FLASHLIGHT,
LED SPOTLIGHT,
LED STICK LIGHT MAGNET,
LED UNDERCABINET FIXTURE,
LED UNDERCABINET LIGHT FIXTURE,
LED UPGRADE BULB,
LEVERAGE LINEMAN PLIERS,
LID STORAGE BOX,
LIFT AND TURN CONVERSION KIT,
LIFT AND TURN DRAIN TRIM KIT,
LIGHT MOUNTING PLATE,
LIGHTED MIRROR EXTENSION TOOL,
LIGHTING MOUNTING FLANGE,
LINE FILTER DRIER,
LINE SET COVER CAP,
LINE SET DUCT WALL BRACKET,
LINE SET DUCTING SYSTEM COUPLER,
LINEAR DRAIN,
LINED PIPE CROSS FITTING,
LINED PIPE OFFSET FITTING,
LIQUID HIGHLIGHTER,
LIQUID SCALE DISSOLVER,
LIQUID TIGHT NON-METALLIC CONDUIT,
LIQUID TITE CONNECTOR,
LIQUIDTIGHT FLEXIBLE CONNECTOR,
LOCKING C-CLAMP,
LOCKING DUCT STRETCHER,
LOCKING PLIERS SET,
LOCKING PLIERS,
LOCKING REFRIGERANT CAP KEY,
LOCKING REFRIGERANT CAP,
LOCKING REFRIGERANT EURO CAP,
LOCKNUT FITTING,
LOG LIGHTER BURNER BAR,
LOG LIGHTER KEY,
LOOP CABLE AND LOCK KIT,
LOOPED CABLE ASSEMBLY,
LOTION DISPENSER,
LOUVERED CONDENSER COIL HAIL GUARD,
LOUVERED FACEPLATE SCREEN,
LOUVERED WALL PANEL FRAME,
LOW GAS PRESSURE SWITCH,
LOW VOLTAGE RECESSED HOUSING,
LOWBALL CUP,
MACHINE SCREW KIT,
MAGNETIC BIT HOLDER,
MAGNETIC BIT TIP HOLDER,
MAGNETIC HEX CHUCK DRIVER,
MAGNETIC HEX CHUCK,
MAGNETIC JUMPER TERMINAL KIT,
MAGNETIC LEVEL,
MAGNETIC PARTS DISH,
MAGNETIC RETRIEVING TOOL,
MAIN BURNER,
MANHOLE FRAME COVER,
MANHOLE FRAME,
MANHOLE WATER STOP GASKET ADAPTER,
MANIFOLD ACTUATOR ADAPTER,
MANIFOLD BALANCING VALVE,
MANIFOLD BRACKET ASSEMBLY,
MANIFOLD DOOR ASSEMBLY,
MANIFOLD END CAP,
MANIFOLD EXPANSION SET,
MANIFOLD GAUGE BOOT SET,
MANIFOLD INLET,
MANIFOLD LOOP END CAP,
MANIFOLD MOUNTING KIT,
MANIFOLD O-RING,
MANIFOLD T-HANDLE VALVE KEY,
MANOMETER HEAD,
MANOMETER,
MANUAL FAUCET,
MANUAL THREADER RATCHET HANDLE,
MARKING TAPE,
MASONRY DRILL BIT,
MASTER CUT KIT,
MATTOCK AND HANDLE,
MECHANIC GLOVES,
MECHANICAL COUPLING FITTING,
MECHANICAL MIXING VALVE,
MECHANICAL PENCIL,
MECHANICAL RISER,
MECHANICAL TEE FITTING,
MECHANICAL TIME SWITCH,
MEDICAL BATHROOM SINK FAUCET,
MEDICAL FAUCET,
MEDICAL RESTROOM FAUCET,
MEDICINE CABINET MIRROR SIDE KIT,
MEDIUM FLOW EXTENSION KIT,
MEMORY STOP KIT,
MESH WIRE SCREEN,
METER BOX CURB BOX LID KEY,
METER BOX EXTENSION,
METER BOX IRRIGATION LID,
METER BOX READER LID,
METER CHECK VALVE,
METER COUPLING GASKET,
METER FLANGE FITTING,
METER SIGHT SCOPE,
METER WRENCH,
METER YOKE VALVE BAR,
METERING BATHROOM PILLAR TAP FAUCET,
MICROWAVE DRAWER,
MICROWAVE FLUSH INSET AIR DEFLECTOR,
MICROWAVE OVEN FILTER KIT,
MICROWAVE OVEN TRIM KIT,
MIDGET LOUVER,
MIGHTY MARKER,
MIGHTY PROBE ROD TIP,
MINI PENDANT LIGHT FIXTURE,
MINI PIPE CUTTER,
MINI SPLIT SUPPORT TOOL,
MINI SPLIT SYSTEM,
MINI-PRESS TOOL KIT,
MIRROR,
MIRRORED SIDE KIT,
MODULAR BLOWER CABINET ELECTRIC HEATER,
MODULAR DRAIN RISER,
MODULATING DAMPER,
MOISTURE ELIMINATOR,
MOP HANGER,
MOP RECEPTOR,
MOP SERVICE BASIN HANGER,
MOP SERVICE BASIN HOSE HOLDER ASSEMBLY,
MOP SERVICE SINK,
MOP SINK HANGER,
MORTAR MIX,
MOTOR BRACKET LUG ASSEMBLY,
MOTOR STARTER,
MOTOR TORSION-FLEX MOUNTING BRACKET,
MOTORIZED ZONE VALVE,
MOUNTING HARDWARE KIT,
MROSCS LEAF CLASS NAME FAUCET PLATE,
MROSCS LEAF CLASS NAME FAUCET SENSOR ASSEMBLY,
MROSCS LEAF CLASS NAME PRESSURE BALANCE VALVE CARTRIDGE,
MROSCS LEAF CLASS NAME VALVE CORE,
MROSCS LEAF CLASS NAME VALVE EXTENSION PIPE,
MUDGUARD,
MULTI-BIT SCREWDRIVER/NUT DRIVER,
MULTI-HEAD FIN TOOL KIT,
MULTI-PORT ELBOW FITTING,
MULTI-PORT STANDARD END CAP,
MULTI-PORT TEE FITTING,
MULTI-PORT TEE,
MULTI-PURPOSE SINK,
MULTI-SHUTTER DAMPER,
MULTI-TEMPERATURE DRAWER,
MULTI-TITE GASKET,
MULTI-TOOL,
MULTI-TURN ANGLE STOP VALVE,
MULTI-USE TANK,
MULTIPORT TEE,
NAIL CLAMP,
NIPPLE EXTRACTOR SET,
NIPPLE SCREW EXTRACTOR,
NIPPLE WRENCH,
NITROGEN PURGE TOOL,
NON-ACID BATHROOM DRAIN OPENER,
NON-ACID KITCHEN DRAIN OPENER,
NON-BARRIER TUBING,
NON-CONTACT THERMOMETER,
NON-METALLIC SQUEEZE CONNECTOR,
NOTEPAD,
NUGGET ICE MACHINE,
NUT DRIVER SET,
NUT SET WASHER,
NUT SETTER,
NUT WASHER,
OFFSET OUTLET PIPE,
OIL-BASE PRIMER,
ONE STOP WRENCH,
OPEN MESH CLOTH,
OPEN QUARTER GRATE,
OPTION GLOVES,
OUTDOOR AIR SENSOR,
OUTDOOR CEILING LIGHT,
OUTDOOR GAS GRILL,
OUTDOOR GRILL CART,
OUTLET BOX FRAME INSERT,
OUTSIDE CAULKING TOOL,
OUTWARD CLINCH,
OVEN GRIDDLE COVER,
OVEN KNOB,
OVEN MOUNTING KIT,
OVEN RANGE CORD,
OVEN SWING DOOR,
OVEN TRIM KIT,
OVERFLOW DRAIN,
OVERFLOW FACEPLATE,
OVERFLOW PIPE,
P-TRAP KIT,
P-TRAP NIPPLE,
P-TRAP RETROFIT INSULATION KIT,
P-TRAP SLIP JOINT NUT,
P-TRAP TAILPIECE WHEELCHAIR STRAINER ASSEMBLY,
PACKAGE GAS ELECTRIC UNIT PIPE SENSOR,
PACKAGED AIR CONDITIONER UNIT LIMIT SWITCH,
PACKAGED AIR CONDITIONER UNIT THERMAL EXPANSION VALVE,
PACKAGED AIR CONDITIONER,
PACKAGED ELECTRIC UNIT,
PACKAGED GAS ELECTRIC UNIT COMPRESSOR PLUG ASSEMBLY,
PACKAGED GAS ELECTRIC UNIT COMPRESSOR,
PACKAGED GAS ELECTRIC UNIT CONDENSER FAN MOTOR,
PACKAGED GAS ELECTRIC UNIT FLOW RESTRICTOR,
PACKAGED GAS ELECTRIC UNIT PRESSURE SWITCH,
PACKAGED GAS ELECTRIC UNIT SUPPORT BRACKET,
PACKAGED GAS ELECTRIC UNIT TEMPERATURE SWITCH,
PACKAGED GAS FURNACE,
PACKAGED GAS UNIT,
PACKAGED HEAT PUMP CONDENSER EXPANSION VALVE,
PACKAGED HEAT PUMP EVAPORATOR EXPANSION VALVE,
PACKAGED HEAT PUMP RELAY,
PACKAGED HEAT PUMP UNIT BLOWER MOTOR,
PACKAGED HEAT PUMP UNIT CONDENSER MOTOR,
PACKAGED HEAT PUMP UNIT ELECTRIC HEATER,
PACKAGED HEAT PUMP UNIT PISTON,
PACKAGED HEAT PUMP UNIT THERMAL EXPANSION VALVE,
PACKAGED HEAT PUMP,
PACKAGED UNIT BLOWER MOTOR,
PAD ATTACHMENT BRACKET,
PAINT BRUSH,
PALM NAILER TOOL KIT,
PANTRY FAUCET NOZZLE,
PAPER CLIP,
PAPER HOLDER,
PAPER MATE ERASER,
PATCHING CEMENT,
PEBBLE VESSEL,
PEDAL VALVE BONNET ASSEMBLY,
PEDAL VALVE,
PEDESTAL BASE,
PEDESTAL DRAWER,
PEDESTAL HYDRANT VALVE,
PENCIL,
PENDANT LIGHT FIXTURE,
PENETRATING SOLVENT,
PERCUSSION HAMMER,
PERMANENT MARKER,
PHASE MONITOR,
PIERCING SCREW,
PIGGY BACK TERMINAL,
PIGGYBACK DISCONNECT TERMINAL,
PILOT ASSEMBLY KIT,
PILOT ASSEMBLY,
PILOT GAS BURNER IGNITION SYSTEM,
PILOT GAS VALVE,
PILOT KIT,
PILOT RELIGHT KIT,
PILOT TUBING,
PIPE ACCESS PANEL,
PIPE AND CONDUIT CLAMP,
PIPE AND CONDUIT CUTTER,
PIPE AND CONDUIT THREADER CLAMP SCREW,
PIPE AND CONDUIT THREADER GUIDE BLOCK SCREW,
PIPE AND CONDUIT THREADER HANDLE,
PIPE AND CONDUIT THREADER RATCHET AND HANDLE,
PIPE AND CONDUIT THREADER RATCHET RING,
PIPE AND CONDUIT THREADER WRENCH,
PIPE BELL RESTRAINER,
PIPE BEND SUPPORT BRACKET,
PIPE BENDER KIT,
PIPE BENDER ROLL,
PIPE CEMENT BRUSH,
PIPE CLAMP THERMOCOUPLE,
PIPE CLOSURE CLAMP,
PIPE CONDUIT SUPPORT,
PIPE COVER,
PIPE CRIMP CALIPER,
PIPE CUTTER CHAIN EXTENSION,
PIPE CUTTER CLIP,
PIPE CUTTER HANDLE,
PIPE CUTTER RATCHET,
PIPE CUTTER ROLL HOUSING SCREW,
PIPE CUTTER ROLL PIN,
PIPE CUTTER ROLLER HOUSING SCREW,
PIPE CUTTER ROLLER PIN,
PIPE CUTTER SCREW AND WASHER,
PIPE CUTTER SCREW,
PIPE CUTTER SLIDE SPRING,
PIPE CUTTING BLADE REAMER,
PIPE DESCALER,
PIPE DOPE BRUSH,
PIPE DRAIN,
PIPE ELBOW COVER,
PIPE ESCUTCHEON,
PIPE EXPANDER HEAD,
PIPE EXPANDING TOOL KIT,
PIPE EXTEND AND LOCK,
PIPE EXTENSION PIECE FITTING,
PIPE EXTRACTOR SET,
PIPE FIT BASE,
PIPE FITTING ACCESSORY PACK,
PIPE FITTING BOLT,
PIPE FITTING BRUSH,
PIPE FITTING CADDY TOTE TRAY,
PIPE FITTING COMPRESSION RING,
PIPE FITTING GASKET ACCESSORY PACK,
PIPE FITTING GLAND ACCESSORY PACK,
PIPE FITTING OUTSIDE DIAMETER TAPE MEASURE,
PIPE FITTING SEAL GASKET,
PIPE FLANGE,
PIPE FLEX WRAP,
PIPE FREEZER BUSHING,
PIPE FREEZER COOL GEL,
PIPE GASKET LUBE,
PIPE GASKET,
PIPE HANGER FLANGE PLATE,
PIPE HANGER RING,
PIPE HANGER STRAP,
PIPE HEATING CABLE,
PIPE HOOK-ON STRAP,
PIPE HOSE GRIP CONNECTOR,
PIPE INSULATOR,
PIPE ISOLATION SUPPORT/SUSPENSION CLAMP,
PIPE J-HOOK CLAMP,
PIPE JOINT RESTRAINT,
PIPE JOINT SEALANT,
PIPE LOCK CLIP,
PIPE LUBRICANT,
PIPE MODULAR SEAL,
PIPE MOUNTING BRACKET,
PIPE MOUNTING STRAP SET,
PIPE NUT,
PIPE PLUG KIT,
PIPE REPAIR CLAMP COUPLING,
PIPE RESTRAINT GLAND KIT,
PIPE RISER PAD,
PIPE ROLLER SUPPORT,
PIPE SAW BLADE,
PIPE SHREDDER,
PIPE STRIKER PLATE,
PIPE STUD ACOUSTICAL INSULATOR,
PIPE STUD INSULATOR,
PIPE STUD SUPPORT BRACKET,
PIPE SWAGER KIT,
PIPE TAIL NUT,
PIPE TALON,
PIPE WELDING VISE,
PISTON FLUSH VALVE,
PITCH PAN,
PIVOTING PAPER HOLDER,
PLASTER RING,
PLUG TOOL GASKET,
PLUMB BOB,
PLUMBER BACKED FELT,
PLUMBER HANDY TOWEL,
PLUMBER KIT,
PLUMBING BRUSH KIT,
PLUMBING WATER PIPE,
PLUNGER ASSEMBLY,
PLUNGER SERVICE KIT,
PNEUMATIC PLUG,
POCKET LEVEL,
POCKET THERMOMETER,
POCKET TOOL,
POINT-OF-USE ELECTRIC WATER HEATER,
POLYURETHANE FOAM SEALANT,
POP-UP REFILL,
POP-UP ROD,
POP-UP STOPPER,
POPUP FILTER,
PORTABLE BAND SAW BLADE,
PORTABLE COMFORT CONTROL,
PORTABLE TOTE,
PORTABLE WORK LIGHT,
PORTFOLIO COVER,
POSITIONING AND SUPPORT KIT,
POT KETTLE FAUCET,
POT KETTLE FILLER FAUCET,
POT KETTLE FILLER,
POWER BLOCK AND LIGHTED END,
POWER BRUSH,
POWER BURNER COMMERCIAL WOK,
POWER BURNER GRIDDLE,
POWER BURNER,
POWER CORD,
POWER DEUCE FITTING BRUSH,
POWER DRILL SOCKET SAVER,
POWER DRIVE ADAPTER,
POWER DRIVE CARRIAGE SHOULDER BOLT,
POWER DRIVE CARRIAGE,
POWER DRIVE CUTTER PIN,
POWER DRIVE CUTTER SUPPORT ARM,
POWER DRIVE LOAD SPRING,
POWER DRIVE MOTOR BRUSH ASSEMBLY SET,
POWER DRIVE MOTOR FIELD,
POWER DRIVE REAMER,
POWER DRIVE ROLL GROOVER,
POWER DRIVE SPRING RING,
POWER DRIVE STOP BOLT ASSEMBLY,
POWER DRIVE SUPPORT ARM,
POWER DRIVE SWITCH INSULATOR,
POWER DRIVE THUMB SCREW,
POWER DRIVE TRANSPORTER,
POWER DRIVE/HOLE CUTTING TOOL LINE CORD,
POWER DRIVE/THREADING MACHINE CENTERING HEAD,
POWER DRIVE/THREADING MACHINE CHUCK JAW SET,
POWER DRIVE/THREADING MACHINE DRIVE SHAFT,
POWER DRIVE/THREADING MACHINE SET SCREW,
POWER DRIVE/THREADING MACHINE SPLIT ROLL PIN,
POWER GRINDER KIT,
POWER GRIP TAPE,
POWER NUT DRIVER,
POWER NUTSETTER,
POWER THREADING MACHINE NIPPLE CHUCK,
POWER THREADING MACHINE STAND WHEEL,
POWER THREADING MACHINE UNIVERSAL WHEEL AND TRAY STAND,
POWER THREADING MACHINE,
POWER TOOL BATTERY,
POWER TOOL BLADE KIT,
POWER TOOL PORT,
POWER TOOL RAPID CHARGE STATION,
POWER TOOL RAPID CHARGER,
POWER TOOL SEQUENTIAL CHARGER,
POWER-DEUCE BRUSHING TOOL,
POWERFUL BLOWER CONTROL,
POWERLOCK MULTI-TOOL,
PRE-RINSE FAUCET HOSE,
PRE-RINSE FAUCET JET SPRAY VALVE,
PRE-RINSE FAUCET SPRAY HEAD,
PRE-RINSE FAUCET SPRAY VALVE,
PRE-RINSE FAUCET SWIVEL STEM REPAIR KIT,
PRE-RINSE FAUCET WALL BRACKET,
PRE-RINSE MIXING FAUCET,
PRE-RINSE UNIT CARTRIDGE,
PRE-RINSE UNIT COUPLING NUT WASHER,
PRE-RINSE UNIT FINGER HOOK,
PRE-RINSE UNIT HOSE ASSEMBLY,
PRE-RINSE UNIT O-RING,
PRE-RINSE UNIT OVERHEAD SPRING,
PRE-RINSE UNIT RISER,
PRE-RINSE UNIT SPRAY VALVE HEAD RING,
PRE-RINSE UNIT SPRING BODY,
PRE-RINSE UNIT SUPPLY NIPPLE,
PRE-RINSE UNIT SWIVEL UNIT ASSEMBLY,
PRE-RINSE UNIT WALL BRACKET,
PRE-RINSE UNIT,
PREMIER BAKING SHEET,
PRESS TOOL CHARGER CORD,
PRESS TOOL POWER ADAPTER,
PRESS TOOL RING ACTUATOR,
PRESS TOOL RING,
PRESSING CHAIN ADAPTER JAW,
PRESSING TOOL JAW KIT,
PRESSURE BALANCE UNIT SEAL KIT,
PRESSURE BALANCE VALVE CARTRIDGE ASSEMBLY,
PRESSURE BALANCE VALVE CHECK INSERT,
PRESSURE BALANCING VALVE SEAT REMOVAL TOOL,
PRESSURE BALANCING VALVE STEM EXTENSION KIT,
PRESSURE BALANCING VALVE TRIM SET,
PRESSURE BALANCING VALVE TRIM,
PRESSURE BOOSTER PUMP,
PRESSURE CONNECTOR,
PRESSURE GAUGE PIGTAIL SYPHON,
PRESSURE REDUCING PILOT,
PRESSURE REGULATOR VALVE,
PRESSURE RELIEF FITTING,
PRESSURE RELIEF VALVE KIT,
PRESSURE SAFETY RELIEF VALVE,
PRESSURE SENSING SWITCH,
PRIMER CARRIER,
PRIMER SPRAY,
PRO DRAIN OPENER,
PRO-VENT,
PROBE ROD AND TIP,
PROBING ROD,
PROGRAMMABLE THERMOSTAT,
PROVER SWITCH,
PSYCHROMETER HEAD,
PSYCHROMETER,
PULL-OUT PLUG,
PUMP ALTERNATOR CONTROL PANEL,
PUMP CABLE GUARD,
PUMP CARTRIDGE,
PUMP COMFORT VALVE KIT,
PUMP CONTROL AND ALARM SYSTEM,
PUMP CONTROLLER,
PUMP DIFFUSER,
PUMP EJECTOR GASKET,
PUMP GASKET,
PUMP GUIDE RAIL BASE,
PUMP GUN SERVICE KIT,
PUMP HIGH WATER ALARM,
PUMP MOTOR SWITCH AND TERMINAL BOARD,
PUMP NOZZLE FITTING,
PUMP OILER,
PUMP PROTECTION SYSTEM,
PUMP SHAFT SEAL,
PUMP SLEEVE,
PUMP SWITCH AND PANEL,
PUMP TIMER,
PUMP UNICHECK VALVE,
PUMP VIBRATION PLUS MISALIGMENT BRAIDED CONNECTOR,
PUMP VIBRATION PLUS MISALIGMENT FLANGED CONNECTOR,
PUMP WATER COLLECTION AND REMOVAL SYSTEM,
PURGE PUMP DRAIN KIT,
PURGE REGULATOR,
PUSHBUTTON DRAIN,
PUTTY KNIFE,
QUICK CHANGE EXTENSION,
QUICK RATCHET PRESS ASSEMBLY TOOL,
QUICK SWEAT CABLE,
QUICK SWEAT TOOL KIT,
QUICK-SETTING CEMENT,
RACEWAY BLANK COVER,
RADIAL BLADE DAMPER,
RAIN SUIT,
RANGE CONNECTOR,
RANGE COOKTOP DRIP BOWL,
RANGE GRIDDLE,
RANGE HOOD BLOWER INSERT,
RANGE HOOD BLOWER,
RANGE HOOD DOWNDRAFT,
RANGE HOOD DUCT COVER,
RANGE HOOD DUCT RECIRCULATION KIT,
RANGE HOOD EXTENSION DUCT COVER,
RANGE HOOD FILTER,
RANGE HOOD FLUE EXTENSION,
RANGE HOOD INTERNAL BLOWER KIT,
RANGE HOOD LINER,
RANGE HOOD RECIRCULATING KIT,
RANGE HOOD WALL EXTENSION,
RANGE TRIM KIT,
RATCHET CUTTER BLADE,
RATCHET CUTTER,
RATCHET HAND PIPE BENDER,
RATCHET PAWL SPRING,
RATCHET PIPE CUTTER BLADE,
RATCHET SHEAR,
RATCHET THREADER SET,
RATCHET THREADER,
RATCHETING BOX END WRENCH,
RAYCLIC CONNECTION KIT,
READ BACK HOSE,
READOUT THERMOMETER,
REAMING PEN,
REAMING PLIERS,
RECEIVER KIT,
RECESSED AIR ADMITTANCE VALVE BOX,
RECESSED LIGHT COVER,
RECESSED LIGHTING TRIM,
RECIPROCATING SAW BLADE KIT,
RECIPROCATING SAW BLADE,
RECIPROCATING SAW KIT,
RECIPROCATING SAW,
RECIRCULATOR PUMP,
RECTANGLE BACK PLATE,
RECTANGULAR DUCT CLEAT,
RECTANGULAR DUCT ESSES,
RECTANGULAR RAINCAN SHOWERHEAD USED ON ITEM,
REDUCED PRESSURE BACKFLOW PREVENTER,
REDUCED PRESSURE DETECTOR TEST KIT,
REDUCED PRESSURE ZONE REPAIR KIT,
REDUCED PRESSURE ZONE VALVE PARTS KIT,
REDUCED PRESSURE ZONE VALVE REPAIR KIT,
REFRIGERANT ACID AND MOISTURE REMOVER,
REFRIGERANT CHARGING ADAPTER,
REFRIGERANT COUPLER GASKET,
REFRIGERANT CYLINDER,
REFRIGERANT EPA DVD,
REFRIGERANT FLUSH INJECTION TOOL,
REFRIGERANT GAS DETECTOR,
REFRIGERANT IDENTIFICATION LABEL,
REFRIGERANT LEAK DETECTOR FILTER AND O-RING,
REFRIGERANT LEAK DETECTOR SENSOR,
REFRIGERANT LINE FLARE CAP,
REFRIGERANT LINE SIGHT GLASS,
REFRIGERANT LINE THERMOMETER,
REFRIGERANT LINE VALVE CORE,
REFRIGERANT LINESET,
REFRIGERANT LIQUID LINE DRIER,
REFRIGERANT MANIFOLD GAUGE BOOT,
REFRIGERANT QUICK COUPLER,
REFRIGERANT RECOVERY TANK,
REFRIGERANT SAFETY CAP,
REFRIGERANT SUCTION LINE FILTER DRIER,
REFRIGERANT THERMOCOUPLE PROBE,
REFRIGERANT VALVE FLARE CORE CAP,
REFRIGERANT VALVE O-RING,
REFRIGERATED DRINKING FOUNTAIN,
REFRIGERATION CONDENSATE DRAIN BLOW OUT VALVE,
REFRIGERATION DEFROST THERMOSTAT,
REFRIGERATION FLUSHING INJECTION VALVE,
REFRIGERATION OIL ACID TEST KIT,
REFRIGERATION OIL,
REFRIGERATION SYSTEM RELAY CAPACITOR OVERLOAD,
REFRIGERATION/AIR CONDITIONER CANISTER,
REFRIGERATOR DOOR HANDLE,
REFRIGERATOR DOOR TUBULAR HANDLE,
REFRIGERATOR DRAWER HANDLE,
REFRIGERATOR DRAWER PANEL,
REFRIGERATOR DRAWER,
REFRIGERATOR DUAL FLUSH INSET DOOR PANEL,
REFRIGERATOR FLUSH INSET PANEL,
REFRIGERATOR FRAME KIT,
REFRIGERATOR FRAMED EXTENDED HANDLE SET,
REFRIGERATOR FRAMED RETROFIT PANEL KIT,
REFRIGERATOR FRONT PANEL KIT,
REFRIGERATOR FRONT PANEL,
REFRIGERATOR GRILLE FRAME,
REFRIGERATOR GRILLE,
REFRIGERATOR HANDLE KIT,
REFRIGERATOR HANDLE,
REFRIGERATOR INSERT,
REFRIGERATOR KICK PLATE,
REFRIGERATOR PRO-HANDLE,
REFRIGERATOR SIDE PANEL,
REFRIGERATOR SIDEKICK TRIM KIT,
REFRIGERATOR SINGLE FLUSH INSET DOOR PANEL,
REFRIGERATOR SINGLE FLUSH INSET PANEL,
REFRIGERATOR TOP FRAME,
REFRIGERATOR TRIM KIT,
REFRIGERATOR TUBULAR HANDLE,
REFRIGERATOR UNIT BEARING WATT MOTOR,
REFRIGERATOR WATER FILTER CARTRIDGE,
REFRIGERATOR WATER FILTER,
REGISTER BOOT BOX,
REGISTER BOOT,
REGISTER SCREW,
REGULAR LUBRICANT,
REGULATION TRAP,
RELAY AND START CAPACITOR,
RELIEF VALVE REPAIR KIT,
REMOTE ALARM,
REMOTE BLOWER,
REMOTE ROOM SENSOR,
REMOTE TRANSMITTER BUTTON,
REPAIR PARTS KIT,
RESIDENTIAL AIR COOLER,
RESIDENTIAL ELECTRIC WATER HEATER,
RESIDENTIAL EVAPORATIVE AIR COOLER,
RESIDENTIAL GAS BOILER,
RESIDENTIAL GAS WATER HEATER,
RESIDENTIAL TANKLESS WATER HEATER,
RESIDENTIAL VALVE BOX,
RETAINER NUT,
RETAINING RING,
RETENTION SCREW,
RETROFIT CONVERSION KIT,
RETROFIT MASTER LINK,
RETROFIT URINAL,
RETURN AIR GRILLE,
RETURN GRILLE AIR FILTER,
REUSABLE PUTTY,
REVERSE OSMOSIS MEMBRANE,
RIGID CONDUIT CLAMP,
RIGID CONDUIT,
RIGID PIPE STRAP,
RIM GUARD,
RING AND STOP FITTING,
RING,
RING-B-GONE CLEANER,
RISER CLAMP,
ROD CLEVIS,
ROLL GROOVER DRIVE,
ROLL GROOVER PIVOT NUT PIN,
ROLL GROOVER SCREW,
ROLLER BALL PEN,
ROMAN BATH FAUCET HANDLE ADAPTER,
ROMAN TUB FAUCET USED ON ITEM,
ROMAN TUB ROUGH-IN KIT,
ROMAN TUB TRIM,
ROOF BANDED CAP,
ROOF CURB,
ROOF DRAIN CLAMP COLLAR BAG,
ROOF DRAIN DECK PLATE,
ROOF DRAIN DOME STRAINER,
ROOF DRAIN DOWNSPOUT COVER,
ROOF DRAIN FLUSH GRATE,
ROOF DRAIN NOZZLE,
ROOF DRAIN SUMP RECEIVER,
ROOF DRAIN UNDERDECK CLAMP,
ROOF DRAIN VENT CAP,
ROOF DRAIN WATER DAM,
ROOF FLASHING SEALANT,
ROOF PIPE FLASHING,
ROOF SADDLE ADAPTER,
ROOF TOP BLOCK PIPE SUPPORT,
ROOFING CEMENT,
ROOFING COLLAR,
ROOFTOP SUPPORT AND CHANNEL,
ROOM SENSOR,
ROTARY HAMMER BIT,
ROTARY HAMMER KIT,
ROTARY HAMMER,
ROTARY IRONER,
ROTARY SAW BLADE,
ROTARY TOOL KIT,
ROTATING INSPECTION SCOPE,
ROTATIONAL LIMIT STOP,
ROUGH VALVE CARTRIDGE,
ROUGH-IN HALF KIT,
RUBBER BAND,
SADDLE TAP VALVE KIT,
SADDLE TEE FITTING,
SADDLE TEE KIT,
SADDLE VALVE,
SAFE-T-SWITCH,
SAFETY GLOVES,
SAFETY JACKET,
SAFETY RELIEF VALVE,
SAFETY STATION ELECTRIC ALARM UNIT,
SAFETY T-SHIRT,
SAMPLING PORT,
SAND LIGHT PAD,
SANDCLOTH,
SANITARY DRAIN TOP ASSEMBLY,
SANITARY FLOOR DRAIN,
SANITARY FLOOR SINK,
SANITARY SEWER CLEANOUT LID,
SANITARY SEWER COVER,
SCALE INHIBITOR SYSTEM,
SCALLOP,
SCISSOR SHEAR,
SCISSOR,
SCRAPER BLADE,
SCRATCH BRUSH,
SCREW-ON WIRE CONNECTOR,
SCREWDRIVER BIT SET,
SCREWDRIVER BIT,
SCREWDRIVER TOOL,
SCREWDRIVER,
SCRUB SINK,
SCRUBBING WIPE,
SCULLERY SINK,
SEAL LUBE GASKET LUBRICANT,
SEALED BURNER RANGETOP SURFACE S-GRATE,
SEALED BURNER RANGETOP,
SEALED PANTRY,
SEALING COMPOUND,
SEALING ELEMENT,
SEAMER HAND TOOL,
SEAT COVER DISPENSER,
SEDIMENT FILTER ELEMENT,
SEINE TWINE THREAD,
SELF ADHESIVE HANGER,
SELF CLEANING SPRAY,
SELF DRILLING HEX HEAD SCREW,
SELF DRILLING SCREW,
SELF FEED BIT BLADE KIT,
SELF FEED BIT FEEDSCREW KIT,
SELF FEED BIT KIT,
SELF FEED BIT,
SELF TAPPING DRIVE SCREW,
SELF TAPPING SCREW,
SELF TAPPING/DRILLING SCREW,
SELF-CLOSING VALVE,
SELF-DRILLING SCREW KIT,
SELF-DRILLING SCREW SET,
SELF-DRILLING SCREW,
SELF-DRILLING/TAPPING SCREW,
SELF-FEED DRILL BIT LEAD SCREW,
SELF-LIGHTING HAND TORCH,
SELF-LIGHTING TORCH KIT,
SELF-LIGHTING TORCH TIP,
SELF-PIERCING SCREW,
SELF-PIERCING SHEET METAL SCREW,
SELF-TAPPING SHEET METAL SCREW,
SELFEED BIT BLADE,
SELFEED BIT FEED SCREW,
SELFEED DRILL BIT BLADE,
SEMI-FLUSH MOUNT LIGHT FIXTURE,
SENSOR FAUCET CONTROL MODULE,
SENSOR VALVE CADDY KIT,
SEPTIC TANK TREATMENT,
SERVICE BASIN HOSE HOLDER,
SERVICE BASIN MOP DRAIN SEAL,
SERVICE BASIN WALL GUARD,
SERVICE SADDLE VALVE,
SERVICE SINK FAUCET HOSE BRACKET,
SERVICE SINK FAUCET STEM,
SERVICE SINK FITTING,
SERVICE SINK FLUSHOMETER,
SERVICE SINK GRID DRAIN,
SERVICE SINK PEDESTAL BASE,
SERVICE WRENCH ADAPTER,
SET SCREW,
SEWAGE PUMP ALARM,
SEWAGE PUMP BASIN AND COVER ASSEMBLY,
SEWAGE PUMP BASIN KIT,
SEWAGE PUMP BASIN,
SEWAGE PUMP VENT KIT,
SEWAGE WASTE WATER PUMP SYSTEM,
SEWER DRAIN CAP,
SEWER RELIEF PLUG,
SEWER ROD CUTTER REVOLVING ROLLER HEAD,
SEWER TAPE,
SHALLOW WELL JET PUMP,
SHANK UNIVERSAL INSTALLATION TOOL,
SHEAR BLADE,
SHEAR KIT,
SHEAR TOOL BLADE,
SHEAR,
SHEET METAL BOOT,
SHEET METAL BOX,
SHEET METAL CUTTING SNIP,
SHEET METAL DIVIDER,
SHEET METAL DRIVE STOCK,
SHEET METAL DUAL WYE,
SHEET METAL DUCT BOOT,
SHEET METAL FLASHING,
SHEET METAL HANGER/WALL BAND,
SHEET METAL INCREASER,
SHEET METAL STUB WYE,
SHEET METAL SUPPORT PLATE,
SHEET METAL TELESCOPING ASSEMBLY,
SHEET METAL WYE,
SHEET PROTECTOR,
SHEETING ROLL,
SHELL CUTTER,
SHIM KIT,
SHOCK ABSORBER,
SHOP TOWEL,
SHOWER AND EYE/FACE WASH,
SHOWER AND EYEWASH SAFETY STATION,
SHOWER ARM DIVERTER,
SHOWER ARM ELBOW,
SHOWER ARM SHUT OFF,
SHOWER BALL VALVE,
SHOWER BAR,
SHOWER BATHCOCK ASSEMBLY,
SHOWER CHANNEL DRAIN BODY,
SHOWER CHANNEL DRAIN,
SHOWER CURTAIN RING,
SHOWER CURTAIN ROD,
SHOWER DIVERTER HANDLE,
SHOWER DIVERTER ROUGH VALVE,
SHOWER DIVERTER VALVE,
SHOWER DRAIN BODY,
SHOWER DRAIN GASKET SET,
SHOWER DRAIN GRATE,
SHOWER DRAIN GRID,
SHOWER DRAIN PUMP,
SHOWER DROP NIPPLE,
SHOWER ENCLOSURE WINDOW TRIM KIT,
SHOWER END WALL SET,
SHOWER EXTENSION KIT,
SHOWER FAUCET ACCENT KIT,
SHOWER FAUCET ADAPTER STEM,
SHOWER FAUCET DIVERTER TRIM,
SHOWER FAUCET EXTENSION KIT,
SHOWER FAUCET FLANGE NIPPLE,
SHOWER FAUCET PULL-OUT SPRAY,
SHOWER FAUCET SEAT,
SHOWER FAUCET STEM AND FLANGE EXTENSION,
SHOWER FAUCET SYSTEM,
SHOWER FAUCET THERMOSTATIC VALVE TRIM,
SHOWER FAUCET TWIN ELBOW,
SHOWER FAUCET VALVE CARTRIDGE ASSEMBLY,
SHOWER FAUCET VALVE HANDLE EXTENSION KIT,
SHOWER FAUCET VALVE UNION NUT,
SHOWER FLANGE,
SHOWER FLOOR DRAIN,
SHOWER FLOOR DRIP RAIL KIT,
SHOWER HOSE ASSEMBLY,
SHOWER OUTLET ELBOW,
SHOWER PAN CEMENT,
SHOWER PAN DRAIN BODY,
SHOWER PAN LINER DAM CORNER,
SHOWER PAN PROTECTION,
SHOWER PIPE,
SHOWER PRO-SLOPE KIT,
SHOWER RECEPTOR DRAIN SEAL,
SHOWER SIDE WALL SET,
SHOWER STALL DRAIN,
SHOWER STALL,
SHOWER STEAM PACKAGE,
SHOWER SUB DRAIN,
SHOWER SYSTEM CONTROL VALVE TRIM,
SHOWER SYSTEM VALVE TRIM,
SHOWER THERMOSTATIC ROUGH VALVE,
SHOWER TRIM FAUCET,
SHOWER UNIT AND DIVERTER SPOUT,
SHOWER UP KIT,
SHOWER VALVE COVER PLATE,
SHOWER VALVE TRIM KIT,
SHOWER VALVE TRIM,
SHOWER VOLUME CONTROL VALVE,
SHOWER WATER SUPPLY ELBOW,
SHOWERHEAD GASKET,
SHOWERHEAD/FLUSHOMETER SWEAT SOLDER KIT,
SHRINK TUBING KIT,
SHUT-OFF VALVE WATER SENSOR,
SHUT-OFF VALVE,
SIDE BEAM ATTACHMENT,
SIDE BEAM BRACKET,
SIDE BURNER,
SIDE WALL PUSHBUTTON ASSEMBLY,
SILICONE CAULK,
SILL FAUCET,
SILL FITTING,
SILLCOCK FAUCET,
SILLCOCK HOSE BIBB,
SILLCOCK KEY,
SILLCOCK,
SINGLE POLE DOUBLE THROW ELECTRIC THERMOSTAT,
SINGLE POLE DOUBLE THROW THERMOSTAT,
SINGLE SECTION MOTOR RUN CAPACITOR,
SINK ADAPTER,
SINK AND URINAL WALL HANGER,
SINK BOTTOM GRID,
SINK CONNECTION WASHER,
SINK DISPOSAL AIR SWITCH KIT,
SINK DISPOSAL FLANGE AND STOPPER,
SINK DISPOSAL FLANGE,
SINK DISPOSAL TRIM,
SINK DISPOSER CARTRIDGE,
SINK DISPOSER FLANGE,
SINK DISPOSER KIT,
SINK DRAIN DISPOSER SWITCH,
SINK DRAIN SLIP JOINT ELBOW,
SINK DRAIN TOOL,
SINK EXTENSION CLIP,
SINK FAUCET HANDLE,
SINK FAUCET HOSE,
SINK FIT-ALL STOPPER,
SINK GRID STRAINER,
SINK HANGAR BRACKET,
SINK HOLE CUTTER,
SINK MACHINE,
SINK STRAINER BASKET,
SINK STRAINER FRICTION RING,
SINK STRAINER NUT,
SINK STRAINER WASHER,
SINK TAILPIECE LOOSE NUT ADAPTER,
SINK TOP SWITCH PUSHBUTTON,
SINK TRAP,
SINK UNDERMOUNT CLIP,
SINK WASTE DISPOSER STOPPER,
SKELETON FRAME,
SKIRTED TOILET KIT,
SLAB VENT,
SLEDGE HAMMER,
SLIDE BAR KIT,
SLIDE BAR SHOWER,
SLIDER BRACKET,
SLIMLINE REFRIGERANT SCALE,
SLIP EXTENSION PIPE,
SLIP JAW PLIERS,
SLIP JOINT NUT AND WASHER,
SLIP JOINT NUT,
SLIP JOINT PLIERS,
SLIP NUT,
SLUDGE BLASTER ACCESSORY KIT,
SLUDGE BLASTER BLOW GUN,
SLUDGE SUCKER AND BLASTER KIT,
SLUDGE SUCKER MAINTENANCE KIT,
SNAP EASE ACCESS PANEL,
SNAP KNIFE,
SNAP-LOCK PUNCH,
SNAP-ON RAIL,
SNIP BLADE,
SOAP DISPENSER STARTER KIT,
SOAP LOTION DISPENSER PUMP AND BOTTLE,
SOAP LOTION DISPENSER,
SOAP STONE HOLDER,
SOCKET SAVER,
SOCKET SET,
SOCKET TOOL,
SODA ASH ALKALINITY AGENT,
SOFFIT UNDER EAVE VENT,
SOIL PIPE CUTTER CHAIN,
SOLDERING/BRAZING HEAT BARRIER SPRAY,
SOLENOID ASSEMBLY,
SOLENOID COIL,
SOLENOID VALVE TROUBLESHOOTING TOOL,
SOLENOID WALL FLANGE,
SOLID INTERCEPTOR,
SOLVENT COIL CLEANER,
SOUND JACKET,
SPADE DRILL BIT SET,
SPANNER WRENCH SET,
SPANNER WRENCH,
SPARE SPLIT RING,
SPARK LIGHTER FLINT,
SPECIALTY LIGHTING BULB,
SPEED MICROWAVE OVEN,
SPIN-THRU AUGER,
SPLIT BOLT CONNECTOR,
SPLIT CONDENSING UNIT TRANSFORMER,
SPLIT CONTROL TRAY CABLE,
SPLIT LOCK WASHER,
SPLIT RING HANGER,
SPLIT RING PIPE HANGER,
SPLIT SYSTEM AIR CONDITIONER BLOWER MOTOR,
SPLIT SYSTEM AIR CONDITIONER COMPRESSOR PLUG WIRE,
SPLIT SYSTEM AIR CONDITIONER COMPRESSOR PLUG,
SPLIT SYSTEM AIR CONDITIONER CONDENSER MOTOR,
SPLIT SYSTEM AIR CONDITIONER,
SPLIT SYSTEM HEAT PUMP PISTON,
SPLIT SYSTEM HEAT PUMP PRESSURE SWITCH,
SPLIT SYSTEM HEAT PUMP,
SPONGE FLOOR GASKET,
SPONGE,
SPOTTER PIN,
SPRAY BOTTLE,
SPRAY HEAD,
SPRAY VALVE HOLD DOWN RING,
SPRAY VALVE SPRAY FACE SCREW,
SPRAYER COIL GUN,
SPRINKLER RAIN SENSOR,
SPRINKLER SHRUB ADAPTER,
SPUD COUPLING ASSEMBLY,
SPUD GASKET,
SQUARE BACK PLATE,
STACK VENT FITTING,
STACKABLE MANIFOLD BRACKET,
STACKABLE MANIFOLD,
STACKABLE RISER,
STAMPING STUD SHOE,
STANDARD CHAMBER,
STANDARD MANIFOLD,
STAPLE GUN,
STARTING COMPONENT,
STATIC PRESSURE REGULATING DAMPER,
STEAM AND CONVECTION OVEN TRIM KIT,
STEAM BATH GENERATOR HEAD,
STEAM GENERATOR AUTOFLUSH,
STEAM HUMIDIFIER,
STEAM SAFETY RELIEF VALVE,
STEAM SHOWER AROMASTEAM SYSTEM,
STEAM SHOWER TEMPERATURE CONTROL,
STEM AND CARTRIDGE PULLER,
STEM AND CARTRIDGE WRENCH,
STEM CARTRIDGE KIT,
STEP DRILL BIT SET,
STEP DRILL BIT,
STICKY BACK COLLAR,
STICKY COLLAR,
STOP AND ISOLATION VALVE,
STOP VALVE INSERT,
STOP WRENCH,
STORAGE CHEST,
STORAGE DRAWER,
STORAGE TANK,
STOVE BOLT,
STRAIGHT PIGTAIL CORD,
STRAIGHT STOP VALVE,
STRAIGHT VALVE,
STRAINER BODY COVER,
STRAINER HUB FUNNEL,
STRAP AND SCREW,
STRAP TOOL,
STREET KEY,
STRIPWOUND HOSE,
STROBE SAFETY GLASS,
STROKE PIPE SAW,
STRUT HAMMER FIX,
STRUT NUT,
STRUT PIPE STRIP,
STRUT SLIDE NUT,
STRUT SUPPORT,
STRUT THREADED ROD,
STRUT WALLPLATE,
STUB END FITTING,
STUB OUT BRACKET,
STUB OUT STRAP KIT,
STUBOUT ADAPTER FITTING,
STUBOUT ELBOW,
STUBOUT FITTING,
STUCCO MIX,
STUD BOLT KIT,
STUD BOLT,
SUBMERSIBLE EFFLUENT PUMP,
SUBMERSIBLE PUMP CABLE GUARD,
SUBMERSIBLE PUMP CABLE,
SUBMERSIBLE PUMP END,
SUBMERSIBLE PUMP MOTOR,
SUBMERSIBLE PUMP WELL SEAL,
SUBMERSIBLE PUMP,
SUBMERSIBLE SEWAGE PUMP,
SUBMERSIBLE SUMP PUMP,
SUBMERSIBLE WATER SYSTEM AIR RELEASE,
SUCTION LINE SWEAT DRIER,
SUMP PUMP CHECK VALVE,
SUMP PUMP HIGH WATER ALARM,
SUMP/SEWAGE PUMP BASIN,
SUPER SONIC SHOCK,
SUPERHEAT AND SUBCOOLING STANDALONE METER,
SUPERHEAT/SUB COOLING GAUGE,
SUPERVISORY SWITCH,
SUPPLY DUCT COVER,
SUPPLY GRILLE,
SUPPLY STOP RETROFIT VALVE,
SUPPLY STOP,
SUPPORT BRACKET,
SURE GRIP ESCUTCHEON,
SURE SPLICE CONNECTOR AND NUT,
SURVEYOR VEST,
SUSPENSION PIPE CLAMP,
SWAGING AND FLARING TOOL KIT,
SWAGING TOOL KIT,
SWAGING TOOL,
SWEDGE TOOL,
SWIRL FLAME TORCH TIP,
SWITCHING FAN RELAY,
SWITCHING RELAY,
SWIVEL SWAY BRACE ATTACHMENT,
SYSTEM DESCALER KIT,
SYSTEM PROBE CHARGE KIT,
SYSTEM STARTER KIT,
T P RELIEF VALVE,
T-SHIRT RAG,
TAB FOLDER,
TABLE CLOTH WEIGHT,
TAILPIECE EXTENSION CUTTER,
TAILPIECE FITTING,
TANK ADAPTER RING,
TANK BOX WRENCH,
TANK BULKHEAD FITTING,
TANK CARRIER SYSTEM,
TANK DRAWER,
TANK GASKET,
TANK LEVER,
TANK PROBE,
TANK TO BOWL COUPLING KIT,
TANK TO BOWL KIT,
TANKLESS WATER HEATER PIPE COVER,
TANKLESS WATER HEATER PLATE,
TANKLESS WATER HEATER QUICK CONNECT CORD,
TANKLESS WATER HEATER,
TAP VALVE,
TAPE REFILL,
TAPPING SCREW,
TAPPING SLEEVE,
TEE CAP,
TEE CROSS FITTING,
TEE ELBOW FITTING,
TEE SADDLE FITTING,
TEE STRAINER,
TEE-WYE FITTING,
TELESCOPIC INSPECTION MIRROR,
TELESCOPING BASIN WRENCH,
TEMPERATURE ACTUATED MIXING VALVE,
TEMPERATURE CONTROL,
TEMPERATURE GAUGE,
TEMPERATURE INDICATOR WELL ASSEMBLY,
TEMPERATURE LIMITING VALVE,
TEMPERATURE RELIEF VALVE KIT,
TEMPERATURE SAFETY RELIEF VALVE,
TERMINAL COMBINATION PACK,
TERMINAL COMPRESSOR REPAIR KIT,
TERMINAL PART BOX,
TERMINAL VALVE,
TEST CAP,
TEST LEAD KIT,
TEST TEE PLUG,
TEST TEE WEDGE VALVE,
THERMAL BALANCER,
THERMAL FUSE LINK,
THERMAL FUSE LINK,
THERMOCOUPLE PILOT KIT,
THERMOMETER WELL,
THERMOPILE GENERATOR,
THERMOSTAT AIR SENSOR,
THERMOSTAT COVER PLATE ASSEMBLY,
THERMOSTAT COVER PLATE,
THERMOSTAT DRY CONTACT,
THERMOSTAT EQUIPMENT REMOTE MODULE KIT,
THERMOSTAT IGNITION MODULE,
THERMOSTAT INTERNET GATEWAY,
THERMOSTAT KIT,
THERMOSTAT REMOTE SENSOR,
THERMOSTAT SENSOR,
THERMOSTAT TIME DELAY SEQUENCER,
THERMOSTAT VALVE CARTRIDGE,
THERMOSTAT WIRELESS VENT,
THERMOSTATIC DIVERTER VALVE,
THERMOSTATIC EXPANSION VALVE KIT,
THERMOSTATIC MIXING VALVE AND PIPING ASSEMBLY,
THERMOSTATIC MIXING VALVE ASSEMBLY,
THERMOSTATIC MIXING VALVE CARTRIDGE,
THERMOSTATIC MIXING VALVE KIT,
THERMOSTATIC MIXING VALVE TRIM,
THERMOSTATIC MIXING VALVE WATER BYPASS PORT,
THERMOSTATIC MIXING VALVE,
THERMOSTATIC ROUGH-IN VALVE TRIM,
THERMOSTATIC ROUGH-IN VALVE,
THERMOSTATIC SHOWER SYSTEM TRIM,
THERMOSTATIC STOP VALVE,
THERMOSTATIC VALVE CARTRIDGE,
THERMOSTATIC VALVE CHECK STOP,
THERMOSTATIC VALVE EXTENSION KIT,
THERMOSTATIC VALVE EXTENSION SET,
THERMOSTATIC VALVE MOUNTING BRACKET KIT,
THERMOSTATIC VALVE TRIM,
THREAD AND GASKET SEALANT,
THREADED PIPE,
THREADED ROD ANCHOR,
THREADED ROD CUTTER,
THREADED ROD SPIKE,
THREADED ROD,
THREADED SEALANT TAPE,
THREADING BOLT DIE,
THREADING DIE SET,
THREADING MACHINE BALL BEARING,
THREADING MACHINE CAP SCREW,
THREADING MACHINE DIE HEAD CLAMP LEVER,
THREADING MACHINE DIE HEAD WASHER,
THREADING MACHINE DRIP PLATE,
THREADING MACHINE JAW INSERT SET,
THREADING MACHINE POWER DRIVE,
THREADING MACHINE SINE BAR,
THREE SETTING DIVERTER USED ON ITEM,
THROUGH HEAD OILING DIE HEAD LEVER,
THROUGH HEAD OILING DIE HEAD NUT,
THROUGH HEAD OILING DIE HEAD TRIGGER ASSEMBLY,
TILE DRILL BIT,
TILE GROUT,
TIME DELAY CARTRIDGE FUSE,
TIME DELAY RELAY,
TINNER CIRCUMFERENCE RULES,
TOILET ACTUATOR UNIT,
TOILET AND DISHWASHER PULL STOP BOX TRIM KIT,
TOILET BALL ROD,
TOILET BALLCOCK COMPLETE KIT,
TOILET BALLCOCK REPAIR KIT,
TOILET BALLCOCK TOP ASSEMBLY,
TOILET BOWL GASKET,
TOILET BOWL WASHER,
TOILET BUMPER SERVICE KIT,
TOILET CANISTER VALVE ASSEMBLY KIT,
TOILET CARRIER SYSTEM,
TOILET CHECK VALVE,
TOILET CLEANER GEL,
TOILET CLOSET BOLT CAP,
TOILET CLOSET BOLT SET,
TOILET CLOSET BOLT,
TOILET CLOSET KIT,
TOILET CONCEALED FLUSHOMETER COUPLING ASSEMBLY,
TOILET CONNECTION ASSEMBLY,
TOILET DISHWASHER OUTLET BOX,
TOILET EXTENSION PIPE,
TOILET FILL VALVE AND FLAPPER,
TOILET FILL VALVE AND SHANK,
TOILET FILL VALVE CAP ASSEMBLY,
TOILET FILL VALVE CAP,
TOILET FILL VALVE REPAIR KIT,
TOILET FILL VALVE SEAL,
TOILET FLANGE REPAIR RING,
TOILET FLAPPER ASSEMBLY,
TOILET FLAPPER FLOAT,
TOILET FLOAT BALL,
TOILET FLOAT FLAPPER,
TOILET FLOAT ROD,
TOILET FLUSH ACTUATOR PLATE,
TOILET FLUSH ASSEMBLY,
TOILET FLUSH PISTON ASSEMBLY,
TOILET FLUSH SPARKLE BLEACH KIT,
TOILET FLUSH VALVE ACTUATOR UNIT,
TOILET FLUSH VALVE AND FLAPPER,
TOILET FLUSH VALVE ASSEMBLY,
TOILET FLUSH VALVE BATTERY POWER KIT,
TOILET FLUSH VALVE FLAPPER AND CHAIN,
TOILET FLUSH VALVE PIPE SUPPORT,
TOILET FLUSH VALVE SEAL KIT,
TOILET FLUSH VALVE SHANK WASHER,
TOILET FLUSHMATE SYSTEM,
TOILET FLUSHOMETER ACTUATOR CARTRIDGE ASSEMBLY REPAIR KIT,
TOILET FLUSHOMETER ADAPTER,
TOILET FLUSHOMETER CARTRIDGE/SOLENOID ASSEMBLY,
TOILET FLUSHOMETER CONTROL STOP,
TOILET FLUSHOMETER COUPLING ASSEMBLY,
TOILET FLUSHOMETER COUPLING,
TOILET FLUSHOMETER HANDLE ASSEMBLY,
TOILET FLUSHOMETER HANDLE COUPLING,
TOILET FLUSHOMETER HANDLE REPAIR KIT,
TOILET FLUSHOMETER OUTSIDE COVER,
TOILET FLUSHOMETER SCREW DRIVER CONTROL STOP REPAIR KIT,
TOILET FLUSHOMETER SCREW DRIVER STOP,
TOILET FLUSHOMETER SHORT SPRAY ARM REPAIR KIT,
TOILET FLUSHOMETER SOLENOID OPERATOR,
TOILET FLUSHOMETER VALVE,
TOILET FLUSHOMETER WASHER SET,
TOILET FRICTION RING,
TOILET HANDLE LEVER,
TOILET HINGE FLAPPER,
TOILET INSTALLATION KIT,
TOILET LIFT WIRE,
TOILET PIPE SUPPORT,
TOILET PULL STOP BOX TRIM KIT,
TOILET REFILL PIPE CLAMP,
TOILET SEAL KIT,
TOILET SEAT ANCHOR KIT,
TOILET SEAT DISC,
TOILET SEAT LID,
TOILET SKIRT TRAP AND ATTACHMENT SYSTEM,
TOILET SOLENOID KIT,
TOILET SPUD WASHER,
TOILET SPUD,
TOILET STUBOUT BRACKET KIT,
TOILET TAILPIECE,
TOILET TANK AND COVER,
TOILET TANK BOLT AND GASKET KIT,
TOILET TANK BOLT SET,
TOILET TANK FILL VALVE,
TOILET TANK FLAPPER,
TOILET TANK FLUSH BALL,
TOILET TANK FLUSH VALVE AND FLAPPER,
TOILET TANK FLUSH VALVE AND PREMIUM FLAPPER,
TOILET TANK FLUSH VALVE KIT,
TOILET TANK FLUSH VALVE,
TOILET TANK GASKET,
TOILET TANK MOUNTING KIT,
TOILET TANK TO BOWL BOLT AND GASKET,
TOILET TANK TO BOWL BOLT SET,
TOILET TANK TO BOWL COUPLING KIT,
TOILET TANK TO BOWL SET,
TOILET TANK TO BOWL SPUD GASKET,
TOILET TANK TRIP LEVER KIT,
TOILET TANK TRIP LEVER SERVICE KIT,
TOILET TANK TRIP LEVER,
TOILET TANK UPPER SUPPLY KIT,
TOILET TISSUE DISPENSER,
TOILET TRAP PRIMER,
TOILET TRIP LEVER,
TOILET UNIVERSAL FLAPPER,
TOILET WALL TANK OUTLET,
TOILET WASHLET CONNECTION KIT,
TOILET WASTE PIPE,
TOILET WATER CONNECTOR,
TOILET WAX GASKET,
TOILET WAX RING,
TOOL BACK PACK,
TOOL CONTRACTOR BAG,
TOOL ORGANIZER BAG,
TOOL TOTE TRAY,
TOP PLATE CONNECTOR,
TORQUE WRENCH SET,
TORSION FLEX MOUNTING BRACKET,
TOTAL DISSOLVED SOLID METER,
TOUCH FLUSH VALVE,
TOWEL BAR MOUNTING POST,
TOWEL WARMER,
TOWER DRAWER,
TRACER WIRE CONNECTOR,
TRACKER GLOVES,
TRADER GLOVE,
TRAFFIC VALVE BOX,
TRANSFER SWITCH BATTERY,
TRANSFER VALVE CARTRIDGE,
TRANSITION CEMENT,
TRANSITION COUPLING DEPTH GAUGE AND DISCONNECT CLIP,
TRANSITION METER RISER,
TRANSITIONAL GAS COOKTOP,
TRANSMITTER KIT,
TRAP KIT,
TRAP PRIMER ASSEMBLY,
TRAP PRIMER CONNECTION ADAPTER,
TRAP SEAL PRIMER DISTRIBUTION UNIT,
TRASH AND RECYCLE CENTER,
TRASH BIN,
TRASH CHUTE,
TRASH COMPACTOR BAG,
TRASH COMPACTOR,
TRASH TANK STORAGE DRAWER,
TRASH/LP TANK DRAWER,
TRAY CABLE,
TRIDICATOR,
TRIPOINT FLUSHOMETER SOLENOID,
TUB AND HAND SHOWER SET,
TUB AND TILE CAULK,
TUB APRON,
TUB BATHCOCK COUPLING ELBOW,
TUB BOX,
TUB BUCKET,
TUB DRAIN KIT,
TUB DRAIN OVERFLOW FACEPLATE,
TUB DRAIN OVERFLOW SHOE,
TUB DRAIN REMOVAL TOOL,
TUB DRAIN STRAINER,
TUB DRAIN TOOL,
TUB DRAIN TRIP LEVER FACEPLATE,
TUB DRAIN TRIP LEVER,
TUB DRAIN,
TUB FAUCET BIBB SEAT,
TUB FAUCET CARTRIDGE,
TUB FAUCET EXTENSION KIT,
TUB FAUCET FILLER,
TUB FAUCET HANDLE,
TUB FAUCET HARDWARE KIT,
TUB FAUCET THERMOSTATIC VALVE CARTRIDGE,
TUB FAUCET TRIM HAND SHOWER,
TUB FAUCET TRIM,
TUB FAUCET VALVE,
TUB FAUCET,
TUB FILLER FAUCET HAND SHOWER,
TUB FILLER FAUCET,
TUB FILLER MOUNTING SYSTEM,
TUB FILLER ROUGH-IN PLASTER GUARD,
TUB FILLER TRIM AND HAND SHOWER,
TUB FILLER VALVE,
TUB FILLER VOLUME CONTROL VALVE,
TUB FILLER,
TUB HANGER,
TUB LINKAGE WIRE,
TUB MOLDED SKIRT,
TUB MOUNTING HARDWARE,
TUB PROTECTOR BOX,
TUB PROTECTOR,
TUB SET AND HAND SHOWER VALVE,
TUB SET VALVE,
TUB SHOE SCREEN,
TUB SHOWER CARTRIDGE,
TUB SHOWER CONNECTOR,
TUB SHOWER DIVERTER VALVE,
TUB SHOWER DRAIN COVER,
TUB SHOWER DRAIN OVERFLOW PLATE ASSEMBLY,
TUB SHOWER DRAIN STRAINER,
TUB SHOWER ELBOW,
TUB SHOWER FAUCET BARREL SEAT,
TUB SHOWER FAUCET CARTRIDGE EXTENSION,
TUB SHOWER FAUCET CONNECTOR,
TUB SHOWER FAUCET DIVERTER CARTRIDGE,
TUB SHOWER FAUCET DIVERTER,
TUB SHOWER FAUCET ESCUTCHEON HOLDER,
TUB SHOWER FAUCET ESCUTCHEON PLATE,
TUB SHOWER FAUCET FLANGE,
TUB SHOWER FAUCET HANDLE KIT,
TUB SHOWER FAUCET HANDLE TEMPERATURE LIMIT STOP,
TUB SHOWER FAUCET KNOB HANDLE KIT,
TUB SHOWER FAUCET PRESSURE BALANCING CARTRIDGE,
TUB SHOWER FAUCET REPAIR ADAPTER EXTENSION,
TUB SHOWER FAUCET STEM ASSEMBLY,
TUB SHOWER FAUCET STEM EXTENSION KIT,
TUB SHOWER FAUCET TRIM ADAPTER KIT,
TUB SHOWER FAUCET VALVE BALANCING SPOOL,
TUB SHOWER FAUCET VALVE RETAINER CLIP,
TUB SHOWER FAUCET VALVE SEAT,
TUB SHOWER FAUCET VALVE STOP PIPE KIT,
TUB SHOWER FAUCET VALVE TRIM KIT,
TUB SHOWER FLANGE,
TUB SHOWER HANDLE TRIM KIT,
TUB SHOWER PRESSURE BALANCING VALVE TRIM,
TUB SHOWER REBUILD KIT,
TUB SHOWER ROUGH-IN VALVE,
TUB SHOWER SET,
TUB SHOWER STEM REPAIR KIT,
TUB SHOWER STRAINER KIT,
TUB SHOWER SUITE,
TUB SHOWER TRANSFER VALVE,
TUB SHOWER TRIM,
TUB SHOWER TUBING,
TUB SHOWER VALVE BODY,
TUB SHOWER VALVE SET,
TUB SHOWER VALVE TRIM KIT,
TUB SHOWER VALVE WRENCH SET,
TUB SHOWER/HSHOWER SYSTEM,
TUB SPOUT ELBOW,
TUB SPOUT LIFT,
TUB SPOUT RING,
TUB SPOUT TRIM,
TUB SPOUT,
TUB STABILIZER KIT,
TUB STOPPER,
TUB TRIM SET,
TUB TRIM,
TUB VALVE,
TUB WASTE AND OVERFLOW,
TUBULAR DOUBLE OFFSET,
TUBULAR END OUTLET WASTE ARM,
TUBULAR END OUTLET WASTE,
TUBULAR OUTLET WASTE,
TUBULAR REPAIR COUPLING,
TUBULAR REPAIR TRAP,
TUBULAR TAILPIECE,
TUBULAR WASTE ARM,
TWISTED BRACKET,
ULTRAVIOLET AIR PURIFIER LAMP,
UNDERCABINET LIGHT FIXTURE,
UNDERCOUNTER WINE STORAGE,
UNDERGROUND TRACER WIRE,
UNDERMOUNT BRACKET SYSTEM,
UNDERSINK PROTECTION SYSTEM P-TRAP KIT,
UNDERSINK SUPPLY VALVE COVER,
UNDERWALK DRAINAGE PIPE ELBOW FITTING,
UNION GASKET,
UNIT HEATER GAS CONVERSION KIT,
UNIT HEATER,
UNIVERSAL AIR GAP DRAIN,
UNIVERSAL ELECTRONIC UPGRADE RELAY,
UNIVERSAL FILTER RACK,
UNIVERSAL GLASS FILLER KIT,
UNIVERSAL HOT SURFACE IGNITOR,
UNIVERSAL IGNITER,
UNIVERSAL JET SLEEVE ASSEMBLY,
UNIVERSAL LOCKING REFRIGERANT CAP,
UNIVERSAL MOTOR RUN CAPACITOR,
UNIVERSAL PIPE BRACKET,
UNIVERSAL PIPE HANGER,
UNIVERSAL SLIDER PIPE BRACKET,
URINAL CARRIER FIXTURE SUPPORT,
URINAL CARTRIDGE,
URINAL DIAPHRAGM REPAIR KIT,
URINAL FLUSH VALVE,
URINAL FLUSHOMETER ELECTRONIC SENSOR MODULE,
URINAL FLUSHOMETER SENSOR,
URINAL FLUSHOMETER VALVE,
URINAL GASKET,
URINAL HANDLE ADAPTER ASSEMBLY,
URINAL HARDWARE KIT,
URINAL MARVEL RING,
URINAL OUTLET SPUD,
URINAL RETROFIT KIT,
URINAL SPUD FITTING,
URINAL SPUD,
URINAL STANDPIPE,
URINAL VALVE OPERATING STEM,
URINAL WAX RING,
URINAL/CLOSET FLUSHOMETER OPERATOR RETROFIT KIT,
UTILITY BLADE,
UTILITY BOX LID,
UTILITY COVER,
UTILITY DRAIN STRAINER,
UTILITY DRAIN,
UTILITY DRILL BIT KIT,
UTILITY DRILL BIT SET,
UTILITY DRILL BIT,
UTILITY FAN,
UTILITY FAUCET,
UTILITY FUSE OUTLET,
UTILITY GAUGE,
UTILITY GLOVES,
UTILITY HAND PUMP,
UTILITY KNIFE ASSORTMENT,
UTILITY KNIFE BLADE,
UTILITY KNIFE,
UTILITY LINE LOCATOR,
UTILITY METERING LOCK AND KEY,
UTILITY PROBE,
UTILITY PUMP DISCHARGE HOSE KIT,
UTILITY PUMP,
UTILITY SHOWER,
UTILITY SINK,
UTILITY STRAP,
UTILITY TOTE TRAY,
UV SHIELDED PIPE,
VACUUM BREAKER ASSEMBLY KIT,
VACUUM CLEANER,
VALVE AUTOMATIC ACTUATOR,
VALVE BOX COVER,
VALVE BOX KEY,
VALVE BOX LOCK LID,
VALVE BOX PAD,
VALVE CAP,
VALVE CORE REMOVER,
VALVE COUPLER,
VALVE FLOAT,
VALVE HYDRANT BOX,
VALVE KEY,
VALVE LOCKING CAP TOOL,
VALVE MANIFOLD,
VALVE NUT RING GASKET ASSEMBLY,
VALVE PACKING,
VALVE REDUCED PRESSURE ZONE AIR GAP,
VALVE SERVICE KIT,
VALVE STRAINER,
VANDAL RESISTANT SPRAY,
VANITY BASIN,
VANITY LIGHT FIXTURE,
VARIABLE PIPE CLAMP,
VARIABLE PITCH SHEAVE,
VENT CARTRIDGE,
VENT CEILING PLATE,
VENT FREE HEATER,
VENT HOOD BLOWER MOTOR,
VENT KIT,
VENT PIPE TERMINATION,
VENT REDUCER,
VENT TEE,
VENTILATION BLOWER PRO HOOD LINER,
VENTILATION BLOWER,
VENTILATION CUSTOM INSERT BAFFLE FILTER,
VENTILATION CUSTOM INSERT,
VENTILATION FAN CONDENSATION SENSOR AND LIGHT,
VENTILATION FAN CONDENSATION SENSOR PLUG,
VENTILATION FAN CONTROL,
VENTILATION FAN FINISH PACK,
VENTILATION FAN GRILLE ASSEMBLY,
VENTILATION FAN LIGHT,
VENTILATION FAN MULTI-SPEED TIME DELAY PLUG,
VENTILATION FAN PROJECT HOUSING PACK,
VENTILATION FAN RADIATION DAMPER,
VENTILATION FAN WALL CONTROL,
VENTILATION FAN WIRE PANEL ASSEMBLY,
VENTILATION HEATER,
VENTILATION HOOD FLUE EXTENSION,
VENTILATION HOOD LINER,
VENTILATION ISLAND HOOD,
VENTILATION SEALED BURNER RANGETOP,
VENTILATION TRANSITION,
VENTILATION WALL HOOD,
VENTILATION WALL LOUVER,
VIBRATION ABSORBER,
VIDEO INSPECTION CAMERA,
VOLTAGE TESTER,
VOLUME CONTROL DIVERTER VALVE TRIM,
VOLUME CONTROL VALVE,
VOLUME CONTROL,
WALL ANCHOR KIT,
WALL BAR SET,
WALL BAR,
WALL DOG BIT KIT,
WALL FAUCET MOUNTING SLEEVE,
WALL FAUCET TEE KEY,
WALL FAUCET VACUUM BREAKER FLOAT KIT,
WALL FURNACE FREESTANDING KIT,
WALL FURNACE PILOT GENERATOR,
WALL FURNACE REAR REGISTER KIT,
WALL GAS FURNACE,
WALL GUARD,
WALL HEATER,
WALL HOOD BACKSPLASH KIT,
WALL HOOD DUCT COVER EXTENSION,
WALL HOOD DUCT COVER,
WALL HOOD EXTENSION DUCT COVER,
WALL HOOD EXTERIOR POWER VENTILATOR KIT,
WALL HOOD INTERIOR POWER VENTILATOR KIT,
WALL HOOD RECIRCULATING KIT,
WALL HOOD TRANSITION DUCT,
WALL HOOD VENTILATION SYSTEM,
WALL HOOD VENTILATION TRANSITION,
WALL HOOD,
WALL HYDRANT BOX COVER,
WALL HYDRANT BOX,
WALL HYDRANT DOOR ASSEMBLY,
WALL HYDRANT VALVE BOX,
WALL LANTERN,
WALL LIGHT,
WALL MOUNT BRACKET,
WALL SCONCE,
WALLMOUNT MOUNTING KIT,
WARDROBE LIFT,
WARMING DRAWER CONTAINER SET,
WARMING DRAWER FRONT PANEL,
WARMING DRAWER PAN LID SET,
WARMING DRAWER PROFESSIONAL HANDLE,
WARMING DRAWER,
WASH BASIN,
WASHER/DRYER PEDESTAL,
WASHER/DRYER STACK BRACKET KIT,
WASHING MACHINE DISCHARGE FILTER,
WASHING MACHINE DISCHARGE HOSE,
WASHING MACHINE FAUCET SHANK EXTENDER,
WASHING MACHINE FILL HOSE,
WASHING MACHINE FLOOD STOP,
WASHING MACHINE PAN ADAPTER KIT,
WASHING MACHINE PULL STOP BOX,
WASHING MACHINE SHUT-OFF VALVE,
WASHING MACHINE VALVE CAP,
WASP AND HORNET KILLER,
WASP AND HORNET SPRAY,
WASTE CONNECTOR,
WASTE DISPOSAL AIR SWITCH,
WASTE DISPOSAL COVER,
WASTE DISPOSER AIR SWITCH ASSEMBLY,
WASTE DISPOSER AIR SWITCH,
WASTE DISPOSER ESCUTCHEON,
WASTE DISPOSER FLANGE,
WASTE DISPOSER MOUNTING ASSEMBLY,
WASTE DISPOSER MOUNTING GASKET,
WASTE DISPOSER POWER CORD ASSEMBLY,
WASTE DISPOSER SINK STOPPER,
WASTE DISPOSER SINK TOP SWITCH BUTTON,
WASTE DISPOSER SINK TOP SWITCH,
WASTE DISPOSER SOUND BAFFLE,
WASTE DISPOSER STRAINER,
WASTE DISPOSER SWITCH BUTTON,
WASTE DISPOSER TRIM COLLAR,
WASTE DISPOSER TRIM,
WASTE DISPOSER WRENCH,
WASTE DISPOSER,
WASTE DRAIN REPAIR KIT,
WASTE DRAIN VALVE,
WASTE OVERFLOW BAR,
WASTE OVERFLOW TRIM KIT,
WASTE OVERFLOW WASHER,
WASTE STRAINER,
WASTE VALVE INLET PART KIT,
WASTE VALVE INSTALLATION TOOL,
WASTE VALVE STRAINER,
WASTEWATER FLOW DISTRIBUTOR,
WATER BUBBLER HEAD,
WATER CIRCULATOR DIGITAL TIMER,
WATER CLOSET BRACKET,
WATER CLOSET CARRIER TRIM PACK,
WATER CLOSET CARRIER,
WATER CLOSET FACEPLATE TILING FRAME,
WATER CLOSET FIXTURE SUPPORT,
WATER CLOSET FLUSH VALVE,
WATER CLOSET FLUSHOMETER,
WATER CLOSET MODULE,
WATER CLOSET SENSOR ASSEMBLY,
WATER CLOSET SUPPORT TRIM KIT,
WATER CLOSET WAX GASKET,
WATER CLOSET,
WATER COOLER APRON KIT,
WATER COOLER APRON,
WATER COOLER CANE APRON,
WATER COOLER CANE TOUCH APRON,
WATER COOLER HANGER BRACKET,
WATER COOLER REGULATOR KIT,
WATER COOLER REGULATOR,
WATER COOLER RETROFIT KIT,
WATER DISPENSER FAUCET,
WATER FILTER CARTRIDGE AND BATTERY,
WATER FILTER ELEMENT KIT,
WATER FILTER HOUSING BRACKET,
WATER FILTER MOUNTING BRACKET,
WATER FILTER SPANNER WRENCH,
WATER FILTRATION SET,
WATER FLOW METER,
WATER FOUNTAIN MOUNTING FRAME,WATER FOUNTAIN BOTTLE FILLER STATION MOUNTING FRAME
WATER GAUGE,
WATER HAMMER ARRESTER SUPPLY STOP VALVE,
WATER HAMMER ARRESTER,
WATER HEATER ADAPTER SET,
WATER HEATER AIR PRESSURE SENSOR,
WATER HEATER BLOWER ASSEMBLY,
WATER HEATER BLOWER SWITCH,
WATER HEATER BURNER SYSTEM,
WATER HEATER BYPASS SERVO ASSEMBLY,
WATER HEATER BYPASS VALVE,
WATER HEATER COMBUSTION UNIT IGNITION PLUG,
WATER HEATER COMPUTER BOARD,
WATER HEATER CONDENSATE ELBOW ASSEMBLY,
WATER HEATER CONDENSATE NEUTRALIZER KIT,
WATER HEATER CONTROL SYSTEM KIT,
WATER HEATER DISPLAY OVERLAY,
WATER HEATER DRAIN PAN FITTING,
WATER HEATER DRAIN TEE,
WATER HEATER DUAL TEMPERATURE CONTROL,
WATER HEATER ELEMENT SOCKET,
WATER HEATER FINAL BURNER ASSEMBLY,
WATER HEATER FLAME ROD,
WATER HEATER FLANGE AND VENT TERMINATOR KIT,
WATER HEATER FLOW ADJUSTMENT/FLOW VALVE,
WATER HEATER GAS HEATING ELEMENT,
WATER HEATER GAS TEMPERATURE CONTROL,
WATER HEATER GROUND WIRE,
WATER HEATER HEAT EXCHANGER ASSEMBLY KIT,
WATER HEATER HEAT EXCHANGER OUTLET SENSOR,
WATER HEATER HEAT TRAP NIPPLE,
WATER HEATER HEAT TRAP,
WATER HEATER HOT SURFACE IGNITER,
WATER HEATER IGNITER ASSEMBLY,
WATER HEATER IGNITER ROD,
WATER HEATER IGNITION PILOT ASSEMBLY,
WATER HEATER INLET FILTER,
WATER HEATER INTAKE CONNECTOR,
WATER HEATER INTAKE TERMINAL ASSEMBLY,
WATER HEATER INTEGRATED CONTROLLER RELOCATION KIT,
WATER HEATER ISOLATION VALVE KIT,
WATER HEATER ISOLATOR VALVE KIT,
WATER HEATER LOWER PROBE,
WATER HEATER MAIN BURNER,
WATER HEATER MOTION SENSOR STARTER KIT,
WATER HEATER MULTIPLE UNIT CONTROLLER,
WATER HEATER NEUTRALIZER CARTRIDGE,
WATER HEATER NIPPLE FITTING,
WATER HEATER O-RING,
WATER HEATER OUTLET THERMISTOR,
WATER HEATER PILOT ASSEMBLY KIT,
WATER HEATER PILOT/THERMOPILE,
WATER HEATER PIPE NIPPLE,
WATER HEATER PLUMB EASY VALVE,
WATER HEATER POWER TERMINAL,
WATER HEATER PRESSURE ACTIVATED VALVE,
WATER HEATER PRESSURE SWITCH,
WATER HEATER PUMP CONTROL,
WATER HEATER PUMP TANK,
WATER HEATER QUICK CHANGE TOOL,
WATER HEATER QUICK CONNECT CABLE,
WATER HEATER RACK ADD ON,
WATER HEATER RACK BASE,
WATER HEATER RECESS BOX,
WATER HEATER REFILL CARTRIDGE,
WATER HEATER REFILL,
WATER HEATER REMOTE CONTROL,
WATER HEATER REMOTE TEMPERATURE CONTROLLER,
WATER HEATER REPAIR KIT,
WATER HEATER RESETTABLE THERMAL SWITCH,
WATER HEATER RESTRAINT KIT,
WATER HEATER ROD HOLDER GASKET,
WATER HEATER SCALE SHIELD CARTRIDGE,
WATER HEATER SCALE SHIELD REFILL CARTRIDGE,
WATER HEATER SCALE SHIELD,
WATER HEATER SERVICE VALVE KIT,
WATER HEATER SHUT-OFF BALL VALVE,
WATER HEATER SOLENOID VALVE KIT,
WATER HEATER SPARK MODULE,
WATER HEATER SUPPORT STRAP,
WATER HEATER TEMPERATURE AND PRESSURE RELIEF VALVE,
WATER HEATER TERMINATION DIVERTER KIT,
WATER HEATER TERMINATION KIT,
WATER HEATER TEST KIT,
WATER HEATER THERMAL EXPANSION TANK,
WATER HEATER THERMISTOR PROBE,
WATER HEATER TRANSMITTER BUTTON,
WATER HEATER VACUUM NOZZLE,
WATER HEATER VALVE ASSEMBLY,
WATER HEATER VENT ADAPTER,
WATER HEATER VENT BRACKET,
WATER HEATER VENT CONDENSATE NEUTRALIZER KIT,
WATER HEATER VENT CONDENSATE TRAP,
WATER HEATER VENT CONVERSION KIT,
WATER HEATER VENT FACEPLATE,
WATER HEATER VENT FIRE STOP,
WATER HEATER VENT PACKAGE KIT,
WATER HEATER VENT PASS THROUGH PLATE,
WATER HEATER VENT PIPE KIT,
WATER HEATER VENT PIPE,
WATER HEATER VENT PUMP,
WATER HEATER VENT RAIN CAP,
WATER HEATER VENT ROOF FLASHING,
WATER HEATER VENT ROOF JACK,
WATER HEATER VENT SCALE CUTTER REFILL,
WATER HEATER VENT STORM COLLAR RING,
WATER HEATER VENT SUPPORT BRACKET,
WATER HEATER VENT SUPPORT CLAMP,
WATER HEATER WALL MOUNT,
WATER HEATER WARRANTY UPGRADE LEVEL KIT,
WATER HEATER WATER FILTER ASSEMBLY,
WATER HEATER WATER FLOW SERVO AND SENSOR KIT,
WATER HEATER WI-FI CONTROL,
WATER HEATER WIRELESS TRANSMITTER,
WATER JETTER,
WATER LEAK SEALER,
WATER MEMBRANE CARTRIDGE,
WATER METER BOX KEY,
WATER METER COUPLING GASKET,
WATER METER FLANGE KIT,
WATER METER FLANGE,
WATER METER/VALVE BOX,
WATER PRESSURE REDUCING VALVE REPAIR KIT,
WATER PRESSURE REDUCING VALVE ROUGH-IN KIT,
WATER PUMP,
WATER SAVING ECONOMY SPRAY TYPE,
WATER SEAL KIT,
WATER SHUT-OFF TOOL KIT,
WATER SOFTENER AIR GAP,
WATER SOFTENER DISC ROTOR,
WATER SOFTENER HOSE,
WATER SOFTENER SALT PELLET,
WATER SOFTENER SEAL KIT,
WATER SOLUBLE PASTE FLUX,
WATER SOLUBLE SOLDERING FLUX,
WATER SUPPLY CONNECTOR,
WATER TEST KIT,
WATER TRANSFER PUMP KIT,
WATER TRANSFER PUMP,
WATER TREATMENT SCALE SHIELD,
WATER VOLUME CONTROL,
WATER/GAS TEST GAUGE ASSEMBLY,
WATERFLOW SWITCH,
WATERLESS HAND WIPE,
WATERLESS URINAL CLEANER,
WATERPROOF SHOE COVER,
WAX BOWL RING,
WAX CLOSET GASKET,
WEB ADHESIVE,
WEB STRAP,
WEDGE,
WELDING DRAIN GRATE,
WELDING EQUIPMENT HAND TORCH SYSTEM,
WELDING FLINT LIGHTER,
WELDING GAS CYLINDER,
WELDING TORCH HANDLE,
WELDING TORCH HEAT SHIELD,
WELDING TORCH TANK KEY,
WET SWITCH FLOOD DETECTOR,
WET-R-DRI ROOFING CEMENT,
WETTING AGENT,
WHIP,
WHIRLPOOL BATHTUB,
WHIRLPOOL TUB AND SHOWER MODULE,
WHISK BRUSH FIN,
WI-FI MODULE,
WI-FI THERMOSTAT,
WIDESPREAD TILE MOUNTING KIT,
WIND INDICATOR CARTRIDGE,
WINE BULK STORAGE DRAWER,
WINE COOLER,
WINE DISPENSING SYSTEM,
WINE PRESERVATION DOOR PANEL,
WINE RESERVE,
WINE STATION GAS CANISTER,
WINE STORAGE DOOR LOCK,
WINE STORAGE DOOR PANEL,
WINE STORAGE DUAL KICK PLATE,
WINTER START KIT,
WIRE CRIMPER,
WIRE CUTTER,
WIRE SCRATCH BRUSH,
WIRED WALL THERMOSTAT,
WIRELESS CLAMP METER,
WIRELESS JOBSITE SPEAKER,
WIRELESS REMOTE TEMPERATURE SENSOR,
WIRELESS WIRE,
WOK FILLER,
WOOD DRILL BIT LEAD SCREW,
WOOD DRILL BIT SET SCREW,
WORK BELT SUSPENSION RIG,
WRENCH COIL SPRING ASSEMBLY,
WRENCH HEAD ASSEMBLY,
WRENCH HEEL JAW AND PIN ASSEMBLY,
WRENCH HEX KEY ADAPTER,
WRENCH NUT,
WRENCH PIN,
WRENCH SET,
WRITING PAD,
WYE TEE FITTING,
YARD HYDRANT PACKING,
YARD HYDRANT PLUNGER,
YOKE VALVE EXPANSION CONNECTION,
YOKE VALVE,
YOKE VISE JAW,
YOKE VISE ROLL PIN,
ZIP CABLE TIE,
ZIPPER POUCH,
ZONE CONTROL COIL PROTECTION LOCKOUT SWITCH,
ZONE VALVE MOTOR,
ZONE WALL CONTROL USB ADAPTER,
ZONED COMFORT CONTROL EXPANSION PANEL,
ZONING ROOM SENSOR,